1001,1791,Business,87201,11.4,36,2023-09-24
1002,1166,Home,1662001,17.42,24,2020-05-02
1003,701,Business,885750,17.39,60,2020-01-03
1004,1997,Personal,1333070,13.88,24,2021-08-11
1005,125,Auto,1348895,17.95,120,2020-04-26
1006,1262,Auto,1180273,8.05,36,2020-07-01
1007,1924,Home,676447,10.85,18,2023-02-22
1008,1321,Business,1956183,8.29,48,2021-07-13
1009,1818,Personal,1800626,16.29,36,2020-12-16
1010,255,Personal,679154,12.93,18,2021-04-06
1011,1243,Personal,1913063,14.83,60,2021-05-01
1012,185,Business,445102,15.27,36,2021-09-04
1013,1381,Personal,1492037,8.33,24,2024-10-09
1014,1599,Personal,1630870,17.4,60,2024-07-23
1015,463,Personal,940330,14.45,120,2024-05-10
1016,1754,Auto,184956,13.03,60,2021-03-26
1017,834,Auto,1331413,12.45,18,2024-11-09
1018,1832,Auto,1152073,11.38,24,2022-08-07
1019,1543,Auto,613671,9.75,60,2022-12-11
1020,727,Business,1159009,16.16,18,2022-12-27
1021,189,Home,1401547,13.11,24,2023-07-01
1022,1685,Business,1541985,13.44,120,2022-09-11
1023,1456,Personal,207663,13.5,24,2024-06-03
1024,932,Auto,333555,8.79,18,2021-09-25
1025,567,Personal,1072684,15.73,18,2021-09-25
1026,1482,Business,769115,9.04,60,2024-09-22
1027,299,Business,648580,11.31,18,2020-10-01
1028,1207,Auto,1222548,8.02,24,2023-05-05
1029,979,Auto,321269,17.13,24,2024-09-05
1030,332,Personal,1812961,11.81,48,2023-08-18
1031,184,Auto,1221236,8.54,120,2023-07-19
1032,179,Auto,539418,15.84,48,2024-07-22
1033,228,Business,850474,9.33,120,2024-09-01
1034,1636,Personal,1832318,17.33,48,2024-05-07
1035,861,Personal,303728,14.35,36,2022-01-06
1036,1624,Auto,1999387,12.84,120,2021-02-04
1037,1871,Home,706616,16.82,120,2023-09-08
1038,1197,Personal,1905090,15.05,48,2020-07-23
1039,1505,Personal,600908,14.51,48,2022-07-07
1040,792,Auto,302291,15.22,36,2022-08-26
1041,1116,Home,305423,17.08,60,2021-04-03
1042,693,Auto,696108,15.42,36,2024-06-07
1043,1536,Auto,1337201,8.99,24,2022-05-02
1044,1525,Personal,369902,16.1,24,2021-11-30
1045,1015,Personal,1191713,12.47,60,2022-08-04
1046,633,Auto,1266685,11.82,120,2022-07-19
1047,702,Home,859480,8.96,36,2024-09-25
1048,346,Auto,892679,17.93,36,2022-12-11
1049,1463,Personal,1963951,16.91,12,2022-08-13
1050,401,Personal,1601030,17.33,60,2020-08-16
1051,989,Personal,639642,10.39,60,2020-07-21
1052,1131,Auto,418365,14.28,36,2024-11-24
1053,250,Business,342660,16.69,18,2024-01-11
1054,1403,Auto,1634708,15.31,36,2020-08-12
1055,867,Business,547125,11.78,60,2021-01-12
1056,594,Home,759118,10.89,60,2020-11-03
1057,234,Home,195940,8.48,120,2020-04-20
1058,1648,Auto,288593,15.32,36,2023-10-06
1059,860,Personal,1253106,17.2,36,2020-03-13
1060,246,Personal,215357,14.78,60,2024-05-02
1061,1734,Auto,602189,12.39,36,2020-08-26
1062,768,Auto,392803,10.86,18,2020-04-07
1063,291,Home,677984,11.76,48,2022-05-12
1064,1405,Personal,1803578,17.32,36,2024-07-17
1065,1573,Personal,1515723,15.03,48,2024-10-02
1066,1159,Personal,559114,8.66,12,2023-10-22
1067,1499,Home,308757,12.45,24,2021-03-03
1068,421,Auto,142819,15.31,48,2023-03-01
1069,1221,Personal,725089,10.31,18,2024-07-08
1070,1585,Home,725132,11.55,120,2021-03-14
1071,1668,Personal,1225292,13.9,48,2023-10-24
1072,1936,Personal,1902980,14.85,12,2020-10-27
1073,39,Business,1813968,11.49,12,2020-07-31
1074,423,Auto,696953,10.54,24,2024-09-03
1075,450,Personal,770049,12.66,36,2021-02-05
1076,1051,Personal,1492150,13.48,120,2021-03-24
1077,102,Auto,569616,11.71,24,2021-03-30
1078,1250,Auto,204563,14.88,120,2021-11-02
1079,1205,Home,1356061,16.33,24,2023-04-20
1080,1131,Personal,303981,17.9,48,2023-06-14
1081,195,Business,1149679,15.75,24,2022-03-26
1082,531,Business,924646,13.54,60,2024-11-10
1083,1494,Home,1118629,8.77,12,2021-05-30
1084,1859,Home,1562478,14.6,60,2020-03-29
1085,457,Personal,1221743,12.09,48,2022-07-23
1086,1308,Business,1398115,14.96,48,2024-03-04
1087,1844,Personal,876155,12.33,24,2022-10-07
1088,1713,Business,922339,17.32,36,2021-05-10
1089,256,Business,453099,9.12,12,2021-11-06
1090,6,Auto,1116711,17.83,48,2024-06-23
1091,1473,Personal,895152,10.63,12,2022-08-21
1092,417,Business,1268662,14.14,12,2021-06-05
1093,1004,Personal,1346285,15.93,24,2020-09-25
1094,1015,Home,776153,14.08,24,2023-05-22
1095,413,Auto,1450965,11.48,12,2022-10-26
1096,1335,Business,295889,9.04,48,2023-05-29
1097,1350,Home,1469593,16.55,120,2022-12-11
1098,1977,Home,1297073,9.02,36,2021-09-29
1099,1145,Home,1598630,8.8,60,2020-06-13
1100,669,Personal,1212305,9.6,36,2022-04-04
1101,199,Auto,950259,9.45,12,2021-07-25
1102,1539,Home,1278212,9.93,48,2022-11-17
1103,919,Home,1155133,15.08,24,2024-02-03
1104,1562,Business,1631505,14.83,24,2023-04-17
1105,732,Auto,1940059,9.18,12,2023-11-02
1106,1486,Home,1458645,16.23,48,2022-06-04
1107,1533,Personal,1589764,13.52,48,2022-06-03
1108,899,Business,864968,8.32,12,2024-10-11
1109,53,Personal,274932,11.09,60,2022-01-28
1110,1720,Personal,633577,9.33,36,2020-01-10
1111,1053,Auto,285230,10.7,24,2024-01-07
1112,1712,Home,605794,17.56,120,2024-06-23
1113,684,Business,1360882,16.64,36,2020-02-10
1114,110,Auto,1548032,9.14,120,2022-01-24
1115,787,Business,663461,14.52,24,2022-10-23
1116,416,Home,1822893,14.89,12,2022-09-14
1117,1313,Personal,155543,16.38,48,2021-10-27
1118,890,Business,1878003,9.38,120,2024-10-22
1119,1116,Auto,1146645,9.26,48,2021-11-13
1120,877,Business,440453,13.67,48,2023-09-02
1121,1068,Personal,442948,14.96,18,2022-10-06
1122,1678,Auto,1979247,11.87,36,2023-10-07
1123,1350,Business,882001,13.33,48,2022-10-15
1124,235,Personal,300312,15.8,24,2022-11-17
1125,1179,Auto,952579,9.11,48,2022-12-07
1126,557,Personal,511021,17.04,120,2022-11-01
1127,303,Auto,259195,13.39,24,2023-01-23
1128,70,Business,1260498,15.12,48,2021-02-18
1129,1883,Business,1730563,14.45,60,2024-05-21
1130,263,Auto,935354,16.9,12,2021-03-23
1131,48,Business,1539069,12.93,60,2020-09-28
1132,28,Business,452903,17.5,36,2020-03-15
1133,1457,Home,255166,15.05,48,2020-12-08
1134,1165,Auto,485307,8.9,18,2022-01-18
1135,865,Home,602288,16.69,24,2022-06-02
1136,1649,Auto,1919592,17.88,18,2020-10-20
1137,758,Home,282610,14.63,24,2022-12-19
1138,1568,Auto,1496738,14.3,36,2023-06-04
1139,1993,Home,1215301,17.18,18,2023-06-08
1140,952,Personal,744465,10.82,60,2021-09-29
1141,103,Personal,1694879,11.91,18,2024-06-10
1142,769,Auto,150642,15.85,36,2022-01-01
1143,1691,Auto,110253,16.84,18,2022-01-22
1144,1919,Personal,1017676,17.88,12,2022-11-09
1145,1018,Personal,1163377,17.12,12,2021-06-09
1146,251,Personal,134263,17.52,24,2022-02-03
1147,1230,Auto,284777,17.4,12,2023-05-02
1148,1699,Personal,432252,8.67,60,2024-03-20
1149,227,Auto,986389,16.97,12,2021-04-08
1150,48,Business,1293532,14.4,24,2021-12-30
1151,362,Personal,765834,10.16,60,2020-02-20
1152,82,Auto,163851,16.84,120,2022-11-10
1153,966,Business,356952,13.37,12,2023-08-05
1154,788,Auto,1707333,15.72,120,2022-05-08
1155,983,Business,776151,12.53,36,2024-08-01
1156,1045,Business,1983682,10.0,24,2021-07-21
1157,517,Auto,1027896,17.24,18,2020-05-13
1158,1616,Home,160345,14.12,12,2024-09-01
1159,1986,Business,1983015,10.7,36,2024-01-21
1160,1013,Auto,1035814,14.45,60,2020-12-21
1161,759,Business,1025268,10.52,60,2021-04-19
1162,821,Home,110460,13.05,120,2023-07-17
1163,1680,Auto,721615,12.75,18,2021-09-17
1164,1743,Home,1328416,8.67,36,2022-07-25
1165,1065,Business,1327926,13.21,120,2021-10-11
1166,1677,Business,167335,9.0,120,2024-07-13
1167,346,Personal,1389433,8.69,36,2023-03-22
1168,298,Auto,1008690,12.27,18,2021-09-28
1169,1994,Home,1064040,8.1,24,2021-04-25
1170,1476,Personal,332469,15.19,18,2023-08-18
1171,1827,Auto,1242395,14.9,24,2023-01-21
1172,560,Personal,1245254,13.97,120,2020-03-15
1173,1388,Personal,894713,12.67,48,2024-10-16
1174,83,Home,809781,17.61,24,2020-06-03
1175,479,Personal,1734525,13.23,24,2020-06-10
1176,1365,Home,1609259,12.4,48,2021-10-29
1177,1097,Business,166570,12.19,18,2020-12-10
1178,266,Business,1837119,14.66,36,2022-12-05
1179,1929,Business,1711625,13.88,60,2022-01-22
1180,1994,Business,1110775,17.55,18,2024-05-24
1181,93,Home,286587,10.3,60,2020-06-02
1182,396,Personal,1122927,14.94,36,2022-07-10
1183,1019,Personal,1356186,15.33,12,2024-12-04
1184,823,Auto,1912247,9.19,36,2020-07-16
1185,1977,Home,1331465,11.89,12,2020-05-08
1186,784,Business,1430803,17.4,18,2022-03-01
1187,1734,Home,1917883,16.08,60,2020-04-06
1188,310,Personal,299437,9.47,120,2021-03-09
1189,1009,Auto,497053,12.12,36,2023-06-16
1190,464,Business,1029690,9.61,24,2022-11-09
1191,281,Business,1857955,16.8,120,2022-01-18
1192,398,Business,105470,14.25,48,2021-12-20
1193,881,Home,1810439,11.08,36,2021-12-21
1194,72,Personal,1028362,16.01,120,2020-04-19
1195,1008,Home,131279,9.92,120,2021-10-16
1196,1048,Business,1879463,13.98,12,2021-01-25
1197,1959,Business,1177955,10.68,36,2024-04-29
1198,770,Auto,1845445,13.15,18,2022-05-07
1199,1927,Home,327395,8.33,48,2023-08-13
1200,1743,Home,215158,9.37,60,2020-06-20
1201,193,Business,136166,15.44,36,2022-03-04
1202,1649,Business,864767,13.15,18,2024-08-31
1203,737,Home,1477689,12.89,48,2024-02-27
1204,1445,Personal,1590281,12.64,12,2020-07-08
1205,531,Auto,755569,13.73,18,2024-06-08
1206,68,Business,165046,16.05,120,2024-08-13
1207,699,Auto,703138,11.0,36,2024-09-02
1208,876,Personal,1964602,8.56,48,2020-03-15
1209,1224,Personal,1737599,9.61,60,2021-05-02
1210,212,Auto,1629584,8.16,18,2020-08-29
1211,1317,Personal,61393,16.21,120,2022-06-26
1212,1665,Business,760484,14.16,24,2023-09-21
1213,942,Auto,1897247,13.37,60,2022-08-28
1214,318,Business,1779353,14.93,18,2020-10-18
1215,237,Business,817182,11.8,24,2020-11-01
1216,1095,Personal,645986,9.8,120,2023-09-14
1217,194,Personal,333565,10.46,60,2021-03-12
1218,1618,Home,1691689,13.76,48,2021-12-13
1219,556,Auto,132591,8.05,12,2020-03-22
1220,765,Auto,1063702,13.37,12,2021-05-12
1221,1058,Business,1850828,12.76,12,2021-04-18
1222,519,Auto,1051696,16.0,120,2022-03-30
1223,1940,Home,1626365,13.39,36,2022-09-09
1224,1877,Auto,801637,15.21,60,2022-09-26
1225,1515,Personal,455128,12.59,36,2022-01-06
1226,750,Auto,1338435,16.69,18,2021-05-30
1227,927,Auto,619667,10.04,24,2022-07-23
1228,677,Auto,855393,8.82,120,2021-02-14
1229,981,Auto,669255,13.69,24,2021-04-22
1230,804,Personal,834741,11.57,120,2020-08-03
1231,1691,Business,295543,15.76,18,2021-08-11
1232,861,Business,1588752,17.4,12,2020-07-27
1233,1582,Auto,1497760,8.25,60,2022-03-18
1234,1452,Home,843366,12.4,18,2020-06-18
1235,513,Business,1747837,14.02,24,2024-08-25
1236,1076,Business,1917397,10.5,120,2023-03-17
1237,1398,Home,161457,17.78,120,2024-02-21
1238,1522,Auto,1369854,17.31,120,2022-07-01
1239,1228,Personal,1141379,14.74,24,2022-10-07
1240,1801,Personal,292907,16.67,24,2021-02-07
1241,1022,Auto,1689247,9.22,48,2023-07-01
1242,977,Personal,849672,9.43,120,2020-05-18
1243,819,Home,1138688,16.26,18,2021-02-06
1244,1337,Home,944515,13.4,18,2021-09-21
1245,219,Home,1498915,17.24,18,2024-12-06
1246,1080,Personal,1182960,17.48,36,2021-08-13
1247,1905,Auto,252108,10.51,24,2022-03-06
1248,677,Business,743993,9.37,36,2020-04-23
1249,1183,Auto,1421039,9.57,48,2022-07-27
1250,706,Personal,695537,14.01,36,2020-08-03
1251,1709,Auto,1421939,10.71,120,2022-11-20
1252,738,Home,1360034,16.6,120,2023-11-09
1253,980,Home,801073,11.7,48,2023-07-07
1254,1110,Home,1232620,14.58,60,2024-05-01
1255,1811,Business,1295901,13.9,36,2021-08-15
1256,1799,Business,491714,8.5,60,2022-08-20
1257,619,Auto,702689,9.9,12,2020-07-04
1258,826,Business,1118913,15.82,24,2021-09-06
1259,148,Home,1081829,13.4,60,2022-02-19
1260,1184,Personal,92222,13.53,24,2022-04-27
1261,1490,Auto,526772,11.8,120,2020-06-13
1262,1581,Business,1056636,16.59,36,2020-10-12
1263,130,Business,754124,8.34,60,2021-02-28
1264,1812,Business,1938105,15.92,36,2021-07-31
1265,850,Auto,1770696,10.1,48,2021-05-23
1266,1364,Business,1476409,17.49,48,2021-10-06
1267,1557,Home,1620153,14.73,18,2022-09-14
1268,119,Personal,1488024,8.05,36,2021-02-08
1269,436,Home,277980,10.22,48,2020-07-26
1270,1022,Home,778996,14.83,48,2022-09-14
1271,668,Personal,653262,15.04,12,2022-04-18
1272,1407,Auto,1358951,13.96,12,2022-08-19
1273,1599,Business,778566,10.99,120,2023-02-03
1274,806,Home,1892389,10.69,24,2022-10-21
1275,645,Business,1836551,13.77,120,2021-11-19
1276,1070,Auto,1359698,9.55,12,2023-06-03
1277,1663,Personal,69532,12.41,120,2020-05-31
1278,1499,Personal,58977,12.11,48,2022-03-29
1279,1932,Home,1676699,14.73,36,2023-02-18
1280,1593,Auto,984521,11.49,36,2022-02-02
1281,1339,Home,1171090,15.05,120,2024-07-13
1282,37,Auto,1009327,15.22,24,2021-04-28
1283,864,Home,136939,14.43,48,2022-06-22
1284,72,Business,1550583,16.71,60,2024-05-17
1285,1715,Personal,1959744,9.3,60,2021-07-15
1286,1543,Personal,1448579,12.18,18,2023-11-01
1287,1641,Home,505263,17.61,120,2022-01-01
1288,731,Auto,231505,13.61,60,2022-07-21
1289,1174,Auto,237798,8.84,36,2021-05-21
1290,42,Home,830262,11.58,48,2022-12-08
1291,744,Home,1040390,8.51,36,2021-11-27
1292,1347,Auto,1412256,14.2,60,2021-07-29
1293,1431,Auto,804894,8.09,48,2022-09-21
1294,1478,Business,735352,17.44,12,2024-08-01
1295,1806,Home,658188,15.67,48,2023-04-10
1296,1452,Business,611571,16.6,48,2024-07-13
1297,562,Auto,1331201,10.8,120,2021-07-21
1298,768,Home,96352,12.44,12,2022-11-02
1299,1366,Home,778798,15.24,48,2023-01-10
1300,1868,Personal,426401,15.62,24,2023-10-30
1301,1884,Personal,108301,11.47,18,2022-07-15
1302,1387,Business,1980802,12.5,24,2024-11-29
1303,1029,Business,250176,10.26,48,2021-11-17
1304,1285,Auto,1230725,16.12,120,2024-02-02
1305,147,Business,210430,9.4,48,2021-12-04
1306,1463,Home,516682,9.58,12,2024-06-15
1307,1258,Home,1698953,13.94,24,2024-12-22
1308,616,Home,1236859,14.39,60,2021-10-04
1309,189,Business,278287,9.85,24,2022-09-22
1310,1298,Home,867434,10.78,18,2021-07-12
1311,46,Home,1568010,10.82,48,2022-07-16
1312,673,Business,526510,8.46,18,2022-11-22
1313,724,Business,1359829,10.91,36,2020-11-07
1314,1711,Business,1167931,17.58,12,2022-12-18
1315,585,Business,1373938,15.01,36,2023-07-13
1316,1617,Auto,1433071,8.99,120,2022-09-14
1317,804,Personal,1107749,16.81,120,2021-10-25
1318,1129,Home,251984,16.02,18,2023-11-03
1319,1356,Auto,706243,15.86,12,2023-05-11
1320,1559,Home,679202,9.23,24,2024-07-15
1321,36,Auto,206740,13.04,12,2023-01-17
1322,862,Auto,240267,14.7,12,2020-05-17
1323,178,Home,158440,14.46,12,2022-09-26
1324,1754,Home,1679706,9.95,18,2022-10-01
1325,1823,Personal,211196,13.69,12,2020-07-29
1326,1658,Auto,956992,8.71,36,2022-03-30
1327,640,Personal,591316,13.86,120,2021-08-09
1328,1141,Home,1961844,11.1,48,2021-05-14
1329,1699,Auto,712700,17.37,48,2022-02-06
1330,284,Auto,122974,17.46,60,2021-01-24
1331,816,Business,1951123,14.39,120,2022-01-27
1332,458,Auto,92261,8.22,120,2021-03-15
1333,420,Personal,488453,17.57,36,2022-05-08
1334,1474,Personal,1272008,15.73,36,2023-04-27
1335,1071,Business,583055,10.3,18,2022-06-08
1336,1470,Auto,1796061,16.1,48,2021-04-12
1337,9,Home,1255706,11.44,18,2024-11-20
1338,1394,Auto,57070,17.28,36,2023-05-12
1339,295,Auto,1566376,14.37,36,2023-05-08
1340,755,Home,1488081,11.75,12,2023-01-31
1341,1394,Business,1912486,17.91,24,2022-09-25
1342,420,Personal,980828,14.13,120,2023-07-31
1343,28,Home,1128748,14.15,18,2022-03-24
1344,444,Home,200086,16.06,36,2022-08-01
1345,697,Personal,1434744,16.85,120,2023-10-16
1346,1644,Home,1099984,13.77,24,2020-11-27
1347,876,Auto,466619,16.68,48,2024-04-15
1348,1992,Personal,1682778,8.46,18,2022-08-09
1349,6,Home,979974,11.36,24,2021-12-30
1350,537,Business,911250,16.25,48,2020-09-20
1351,1808,Auto,223617,14.39,48,2024-01-06
1352,1493,Business,343455,9.8,18,2023-09-17
1353,4,Personal,131037,11.75,18,2020-07-07
1354,284,Auto,948276,16.63,12,2023-07-12
1355,345,Auto,229183,11.93,12,2020-01-30
1356,19,Personal,1280813,13.29,60,2021-02-10
1357,1154,Personal,530376,9.47,24,2024-05-02
1358,547,Auto,227762,14.27,60,2023-03-25
1359,735,Personal,558423,12.76,18,2020-12-29
1360,1524,Auto,517876,8.41,18,2024-11-23
1361,784,Business,528216,9.88,18,2024-02-12
1362,1897,Auto,1933080,12.83,60,2023-04-15
1363,20,Auto,109597,12.55,60,2023-01-19
1364,794,Auto,113147,13.0,24,2024-02-02
1365,616,Business,1846648,9.96,24,2021-01-11
1366,1745,Business,1162254,10.34,36,2020-07-31
1367,825,Home,1335353,15.09,24,2021-12-06
1368,1151,Business,1916736,15.26,120,2022-04-05
1369,1621,Business,127223,10.4,18,2022-08-30
1370,476,Business,1324201,9.89,60,2023-03-31
1371,1634,Home,1414146,12.82,60,2020-01-18
1372,1052,Home,1814531,15.01,12,2020-02-24
1373,118,Auto,632600,17.78,18,2024-06-08
1374,1022,Home,613325,8.35,48,2023-08-12
1375,456,Personal,511492,10.83,36,2024-07-17
1376,1693,Business,534501,8.84,12,2024-04-09
1377,470,Auto,65879,10.35,48,2020-09-10
1378,1569,Home,1366285,14.36,12,2023-03-15
1379,1443,Business,858314,9.58,60,2020-11-19
1380,1903,Home,513388,17.49,12,2022-01-10
1381,1166,Home,1005149,13.05,36,2024-09-13
1382,811,Auto,1106970,13.63,60,2021-11-16
1383,1523,Personal,1946867,12.19,60,2024-08-27
1384,119,Business,742274,13.12,60,2023-04-02
1385,1717,Business,235044,17.94,12,2022-04-20
1386,1548,Auto,1861958,8.13,12,2023-01-21
1387,1816,Home,1614018,13.58,36,2020-10-22
1388,1649,Business,1414683,8.64,120,2023-02-10
1389,560,Home,249172,17.62,12,2022-08-19
1390,642,Home,1465716,17.91,36,2024-03-12
1391,1406,Business,1258741,8.69,12,2023-05-03
1392,1084,Personal,1840323,11.54,120,2022-10-16
1393,984,Home,1192357,8.8,48,2020-10-14
1394,56,Business,1701444,9.87,24,2022-05-03
1395,1286,Personal,725240,16.17,12,2023-03-30
1396,1179,Business,1802108,12.44,24,2021-07-17
1397,393,Personal,1638644,15.66,24,2021-09-05
1398,150,Home,1240842,15.71,36,2023-05-16
1399,1361,Business,1106522,13.24,12,2024-08-05
1400,1137,Home,1587206,16.8,48,2023-07-02
1401,1384,Home,1654648,8.93,48,2024-11-29
1402,1927,Home,1817598,8.88,36,2023-05-01
1403,990,Personal,1128253,9.09,18,2023-10-26
1404,135,Business,316759,9.86,120,2024-11-12
1405,854,Auto,1172185,17.79,18,2023-04-07
1406,944,Auto,305671,11.38,36,2023-02-12
1407,1468,Home,1065787,17.78,12,2023-03-17
1408,1778,Personal,1833459,11.82,120,2023-12-04
1409,291,Auto,297765,15.87,48,2023-10-23
1410,438,Auto,1908312,16.74,48,2023-11-02
1411,1645,Home,1092637,9.56,120,2021-04-16
1412,1843,Personal,518761,11.6,120,2022-07-04
1413,1133,Auto,1222563,12.92,18,2021-01-22
1414,1807,Auto,488533,13.0,24,2020-03-25
1415,1054,Auto,1900164,12.15,48,2023-09-24
1416,1718,Auto,443287,16.09,60,2024-04-12
1417,697,Personal,1217253,16.53,48,2023-12-30
1418,492,Personal,1414792,13.52,36,2021-06-20
1419,593,Personal,1422691,9.34,120,2021-06-12
1420,1973,Business,1499914,11.34,48,2022-02-17
1421,750,Personal,379088,12.08,36,2020-06-21
1422,1705,Business,822021,9.36,60,2022-10-09
1423,951,Personal,1961313,10.11,36,2023-08-31
1424,1617,Business,178125,17.88,18,2024-03-24
1425,803,Personal,432451,17.55,36,2024-04-11
1426,1971,Personal,768291,11.56,120,2022-10-08
1427,1079,Auto,1651324,12.03,60,2022-10-12
1428,122,Home,1948789,8.53,60,2021-12-23
1429,1307,Auto,316830,8.05,24,2020-10-18
1430,616,Personal,1360706,9.24,24,2021-02-20
1431,588,Auto,718924,13.53,24,2021-10-11
1432,1546,Business,1697696,11.16,120,2024-12-06
1433,89,Home,1111813,14.94,24,2021-07-16
1434,410,Personal,1733607,16.28,24,2020-07-16
1435,302,Auto,352205,12.24,18,2023-10-29
1436,1340,Business,1157180,8.36,18,2022-01-31
1437,1584,Personal,1420380,15.16,48,2024-10-25
1438,1305,Business,748594,10.42,18,2021-08-30
1439,264,Auto,676611,15.21,12,2022-12-17
1440,389,Personal,108515,11.19,18,2022-02-12
1441,1411,Personal,277575,10.04,48,2022-10-22
1442,554,Business,1510038,16.86,60,2023-11-13
1443,825,Business,956875,17.76,12,2020-05-04
1444,1485,Personal,806550,15.73,48,2023-06-05
1445,1676,Auto,302366,10.39,36,2022-11-13
1446,684,Business,1851969,15.99,24,2022-08-26
1447,932,Personal,1007401,9.28,36,2020-06-16
1448,661,Auto,1996825,17.87,18,2024-03-26
1449,1204,Home,1998062,11.72,48,2024-03-10
1450,1348,Personal,1660697,8.77,60,2022-04-05
1451,747,Home,880587,13.9,48,2020-10-08
1452,794,Home,697340,13.59,18,2024-08-17
1453,553,Personal,376558,17.52,24,2024-01-28
1454,1591,Personal,55493,16.98,36,2022-11-11
1455,418,Auto,295730,9.59,12,2023-04-08
1456,1915,Home,700727,17.33,18,2020-11-07
1457,1813,Business,98174,16.58,60,2023-02-03
1458,1916,Business,764549,10.22,60,2021-11-09
1459,1168,Home,997221,8.96,48,2023-05-23
1460,1339,Home,1285067,9.42,24,2021-01-11
1461,1976,Home,461159,11.93,18,2022-03-08
1462,781,Personal,1123939,9.79,18,2023-03-30
1463,1677,Personal,1859521,8.06,18,2020-01-10
1464,1780,Personal,470028,13.07,12,2024-05-09
1465,15,Auto,945157,17.57,120,2022-08-13
1466,1364,Home,1698885,16.87,36,2022-11-20
1467,405,Home,638213,17.3,24,2024-10-19
1468,936,Personal,1011030,15.86,12,2023-01-02
1469,892,Business,74784,10.04,48,2022-04-11
1470,719,Auto,288045,15.31,36,2020-05-15
1471,1581,Auto,1083691,9.52,60,2024-05-11
1472,829,Auto,1385361,15.67,18,2020-01-06
1473,29,Personal,1980904,15.9,18,2021-05-26
1474,1331,Auto,1903891,13.77,60,2020-09-14
1475,12,Auto,447649,9.1,60,2020-06-17
1476,563,Auto,759500,14.76,60,2021-09-30
1477,1916,Auto,1067564,14.55,60,2021-08-05
1478,1128,Auto,1381984,16.26,60,2024-02-11
1479,1146,Business,634923,8.03,60,2024-12-06
1480,1341,Business,1457643,17.59,48,2020-08-15
1481,105,Personal,321700,13.32,120,2024-12-10
1482,1504,Auto,627741,14.17,120,2020-06-13
1483,1819,Auto,272345,14.22,60,2022-02-08
1484,1346,Personal,1973727,16.51,36,2024-08-12
1485,1487,Auto,362151,13.59,120,2020-10-03
1486,1814,Home,1087809,15.55,36,2021-01-20
1487,814,Auto,523736,15.73,48,2021-11-19
1488,1245,Home,367538,14.2,12,2021-04-07
1489,1705,Business,716396,12.01,60,2022-09-07
1490,242,Personal,767976,14.75,12,2023-02-17
1491,1336,Auto,1221884,9.71,36,2024-10-17
1492,1094,Business,1636960,8.89,120,2024-08-18
1493,1229,Personal,1660783,8.03,12,2022-08-10
1494,1055,Home,578464,16.37,36,2024-06-03
1495,767,Personal,145718,10.49,36,2022-02-02
1496,1453,Business,778672,12.44,120,2022-09-07
1497,140,Home,1790201,15.3,18,2020-09-17
1498,178,Personal,1619419,8.85,48,2024-02-08
1499,1315,Personal,587956,14.33,12,2021-05-15
1500,532,Home,415780,13.73,36,2021-01-20
1501,857,Business,214946,12.44,18,2022-07-23
1502,437,Auto,228319,12.88,18,2020-12-05
1503,7,Home,1796976,15.91,18,2021-10-04
1504,1597,Business,1495197,9.61,18,2020-02-22
1505,1381,Auto,761004,10.48,48,2021-07-16
1506,256,Home,1967199,10.4,60,2020-04-29
1507,1592,Personal,1174763,15.98,36,2022-09-10
1508,1207,Business,1180085,10.03,18,2022-05-27
1509,1126,Auto,1689025,10.66,24,2024-03-24
1510,680,Business,1284634,11.47,60,2022-02-18
1511,1723,Personal,394740,17.72,60,2023-04-27
1512,929,Personal,1127756,12.19,24,2024-09-11
1513,1878,Home,1041337,9.66,12,2023-05-29
1514,1766,Business,1174690,9.63,48,2024-01-10
1515,1092,Business,783478,9.59,36,2024-04-13
1516,579,Home,576717,15.42,60,2020-03-22
1517,419,Auto,1569379,15.04,18,2023-07-14
1518,509,Business,1505250,13.09,60,2023-06-09
1519,1267,Business,854600,11.96,24,2021-05-28
1520,1462,Home,1573610,9.56,24,2020-09-12
1521,856,Auto,1884265,10.03,24,2024-09-15
1522,1830,Auto,1609453,12.48,12,2023-03-28
1523,1804,Auto,1827308,17.97,18,2023-10-27
1524,1937,Home,1964793,17.38,60,2022-01-28
1525,319,Auto,1953549,12.13,18,2020-08-30
1526,1161,Home,82165,9.76,60,2024-08-29
1527,1426,Business,922335,14.08,36,2023-03-01
1528,20,Business,1400681,13.98,120,2020-09-01
1529,1029,Home,908628,17.95,36,2023-09-28
1530,767,Home,1712705,16.77,24,2024-08-21
1531,1951,Business,350708,9.96,60,2021-12-30
1532,478,Business,693081,9.07,18,2021-08-02
1533,62,Auto,1582203,12.9,120,2024-11-01
1534,322,Home,1837234,8.62,24,2023-02-10
1535,468,Business,1185656,10.79,18,2023-10-05
1536,812,Home,1790735,9.04,24,2021-05-11
1537,1238,Auto,1836657,13.86,12,2023-07-22
1538,1229,Auto,1927137,12.15,18,2024-02-08
1539,128,Home,1278054,11.0,18,2021-05-12
1540,1247,Auto,877357,10.52,36,2022-07-10
1541,1416,Personal,372406,13.67,120,2022-01-02
1542,1210,Personal,1697272,15.51,48,2022-11-05
1543,434,Home,1123556,8.66,24,2020-05-11
1544,1033,Business,500021,16.36,48,2024-03-02
1545,1307,Home,1817110,12.92,48,2020-10-03
1546,296,Business,1475932,12.76,24,2023-03-12
1547,1756,Business,1513400,12.45,120,2022-03-13
1548,326,Auto,963596,8.35,48,2020-08-19
1549,792,Business,138149,12.34,60,2022-04-25
1550,1597,Home,1466788,11.52,48,2024-02-29
1551,1840,Business,1646863,17.94,120,2022-08-16
1552,1473,Auto,389812,13.46,24,2020-08-29
1553,240,Personal,1204259,8.64,18,2020-08-22
1554,457,Auto,1344071,14.41,12,2024-05-28
1555,1259,Personal,1866227,11.93,12,2023-10-20
1556,1522,Business,954600,14.54,120,2022-01-28
1557,302,Business,711934,11.81,36,2024-09-11
1558,645,Personal,1982422,11.05,60,2022-10-26
1559,64,Business,169041,12.78,48,2021-11-13
1560,1208,Auto,273570,13.68,24,2022-11-26
1561,1446,Home,500985,17.22,12,2021-09-12
1562,1903,Auto,682297,14.64,120,2023-06-30
1563,1182,Business,1944040,14.99,60,2022-05-31
1564,139,Auto,828006,15.53,120,2021-09-29
1565,1878,Personal,1067642,15.13,24,2024-04-01
1566,242,Personal,787546,17.26,60,2023-09-15
1567,283,Home,1967193,9.54,18,2020-03-20
1568,1944,Home,923045,17.56,120,2022-06-18
1569,615,Business,1605425,8.5,36,2024-01-21
1570,1479,Auto,1966777,12.8,36,2023-10-29
1571,1599,Auto,1507326,10.6,120,2022-07-08
1572,1360,Auto,1679007,16.9,60,2022-06-02
1573,768,Business,522689,10.66,36,2023-09-10
1574,740,Auto,1683997,13.75,120,2020-10-05
1575,967,Business,219411,15.14,120,2024-07-24
1576,1058,Home,760671,8.14,18,2023-04-10
1577,805,Home,1343131,15.2,60,2020-03-17
1578,1539,Home,1431614,16.92,48,2024-03-14
1579,1182,Business,240057,13.08,36,2020-06-16
1580,49,Auto,444778,16.0,36,2022-06-27
1581,1195,Auto,1108809,12.23,12,2020-12-19
1582,908,Personal,1327719,10.43,24,2021-08-13
1583,1435,Personal,1230771,14.16,48,2023-02-04
1584,254,Home,568578,13.93,60,2021-11-10
1585,674,Business,1557215,9.5,120,2020-05-29
1586,1459,Auto,1369836,13.76,48,2021-05-31
1587,802,Auto,1166261,11.27,18,2024-02-04
1588,1745,Personal,151394,12.87,60,2024-07-10
1589,318,Auto,587205,9.13,120,2021-02-15
1590,1382,Personal,1662061,8.32,24,2024-02-28
1591,1910,Auto,1988653,11.41,18,2021-02-01
1592,718,Home,274198,13.63,24,2021-07-14
1593,1937,Auto,393108,11.65,18,2022-02-14
1594,117,Home,1826595,11.64,36,2023-05-12
1595,1631,Personal,1235152,15.35,18,2024-02-28
1596,1908,Business,1404833,10.29,24,2024-08-24
1597,1520,Auto,1475041,14.89,18,2024-12-17
1598,855,Business,684893,8.67,24,2022-11-26
1599,937,Auto,854216,16.57,120,2021-10-27
1600,950,Home,190192,8.15,24,2022-04-08
1601,541,Auto,699527,12.12,18,2020-12-10
1602,293,Business,901937,10.77,24,2023-04-04
1603,1023,Personal,1476254,15.55,24,2022-03-17
1604,1429,Business,1679362,13.77,120,2024-11-27
1605,506,Business,946396,10.05,36,2023-11-18
1606,681,Auto,1590795,17.41,48,2022-10-24
1607,1457,Personal,1720896,11.18,36,2022-10-17
1608,1091,Personal,1961997,11.02,120,2021-06-23
1609,1420,Auto,1933505,11.97,36,2021-04-27
1610,1033,Auto,99062,9.87,120,2021-05-26
1611,714,Personal,143870,9.68,60,2023-12-08
1612,1297,Home,1121022,11.15,24,2021-01-05
1613,153,Home,1380399,14.04,18,2024-07-29
1614,934,Business,830757,11.07,48,2020-06-07
1615,29,Home,511993,11.0,120,2023-09-13
1616,817,Auto,1005638,14.96,48,2023-07-25
1617,119,Home,924304,12.38,36,2020-03-24
1618,9,Auto,1245229,14.39,120,2023-09-08
1619,986,Auto,190519,10.33,120,2020-05-27
1620,1536,Home,1861275,12.46,18,2020-01-23
1621,1399,Auto,459765,8.75,48,2020-12-09
1622,411,Auto,1626352,11.45,24,2023-11-27
1623,1565,Home,1822704,14.99,48,2021-11-25
1624,1562,Auto,684386,11.93,18,2020-06-07
1625,315,Home,475315,9.1,60,2023-04-26
1626,1831,Auto,1320402,17.64,12,2024-04-26
1627,1353,Home,1665853,17.92,60,2022-07-07
1628,1429,Business,906555,8.26,36,2024-07-04
1629,185,Business,846001,15.98,36,2021-08-19
1630,232,Home,1034085,12.54,120,2024-02-17
1631,1754,Home,799028,11.07,60,2023-12-29
1632,923,Personal,446714,9.29,60,2022-12-12
1633,802,Personal,813448,16.07,18,2020-08-31
1634,1554,Business,1931648,14.28,12,2021-04-16
1635,28,Home,766613,10.7,18,2022-11-15
1636,358,Business,1755510,8.16,18,2020-08-24
1637,489,Auto,1024458,13.93,60,2021-11-17
1638,800,Business,813441,17.1,120,2020-04-20
1639,49,Personal,1534561,8.97,18,2023-07-11
1640,615,Auto,1679673,8.85,120,2020-11-20
1641,449,Auto,1845815,8.0,120,2020-08-12
1642,1302,Home,1800701,9.96,120,2021-08-13
1643,368,Auto,558723,15.09,12,2021-02-12
1644,648,Home,699341,12.06,24,2022-08-17
1645,258,Home,260783,17.9,12,2022-02-19
1646,848,Auto,531552,16.29,48,2021-07-11
1647,1693,Personal,1679081,16.49,120,2023-04-19
1648,808,Auto,611089,17.35,120,2023-07-03
1649,348,Business,528717,8.52,48,2023-05-31
1650,1070,Home,1207963,15.53,18,2022-05-20
1651,1158,Business,1738745,16.04,36,2020-08-03
1652,513,Home,144793,14.65,24,2020-03-18
1653,1792,Home,1233804,10.47,120,2024-02-10
1654,1322,Business,508906,15.59,60,2020-05-06
1655,353,Personal,803138,10.51,48,2021-04-22
1656,646,Personal,1471448,8.26,60,2020-03-08
1657,227,Home,118464,13.32,120,2022-12-23
1658,1251,Home,994395,13.17,36,2023-11-06
1659,244,Business,966876,10.79,60,2024-01-19
1660,266,Auto,550651,9.62,24,2020-02-12
1661,1795,Personal,912251,11.1,120,2024-05-23
1662,1789,Business,1401605,9.21,24,2024-05-17
1663,517,Business,1391288,16.17,12,2022-09-04
1664,331,Personal,1599800,14.44,24,2022-01-27
1665,1012,Personal,1250302,12.04,48,2024-04-23
1666,160,Auto,1625175,14.73,24,2023-07-18
1667,1865,Business,331977,16.45,12,2022-12-09
1668,80,Personal,1381557,11.72,60,2024-08-16
1669,54,Business,388414,15.88,24,2021-04-16
1670,1009,Auto,415939,17.66,60,2024-01-07
1671,1841,Home,514497,13.21,120,2021-01-23
1672,281,Personal,375808,13.59,48,2024-12-13
1673,926,Auto,511274,11.01,36,2021-02-12
1674,125,Business,1324864,12.6,36,2023-04-02
1675,1420,Home,281483,13.5,12,2024-11-09
1676,1705,Business,1003056,16.48,120,2020-07-20
1677,729,Business,1807638,17.46,120,2021-02-11
1678,1008,Personal,133634,10.45,48,2024-11-03
1679,925,Home,1163479,11.45,36,2020-02-06
1680,194,Business,679375,16.13,48,2021-12-22
1681,1866,Business,1659924,15.44,60,2022-11-26
1682,874,Home,401369,11.7,48,2022-11-15
1683,384,Personal,1209885,11.98,60,2020-10-29
1684,1618,Personal,613822,11.02,120,2023-02-10
1685,857,Auto,1483730,13.8,120,2022-05-17
1686,735,Auto,75268,10.89,18,2022-12-02
1687,832,Personal,1812834,15.51,120,2021-03-16
1688,1446,Business,798915,14.7,24,2022-04-03
1689,1133,Business,304159,13.33,36,2021-08-24
1690,1946,Home,1116560,15.74,48,2020-10-29
1691,1198,Business,480937,16.76,18,2022-11-26
1692,1034,Auto,379055,10.06,18,2023-05-12
1693,1787,Personal,959732,8.55,12,2024-04-27
1694,786,Auto,782888,16.03,48,2023-04-11
1695,758,Personal,1470597,11.31,12,2021-07-19
1696,1236,Home,1015036,9.05,36,2022-02-03
1697,1255,Home,373782,10.3,120,2023-02-09
1698,1559,Auto,580673,16.8,60,2024-08-20
1699,454,Personal,1440825,9.25,12,2023-05-10
1700,221,Business,884256,12.46,36,2021-09-11
1701,280,Business,672980,9.1,48,2022-11-05
1702,1726,Business,236068,9.66,18,2024-03-10
1703,1646,Personal,657060,12.52,60,2022-08-14
1704,651,Personal,989367,14.54,24,2020-05-13
1705,1052,Auto,1711280,16.88,12,2021-11-27
1706,1094,Business,552274,12.66,60,2020-02-16
1707,1870,Business,1700797,14.08,60,2020-08-29
1708,46,Home,1502384,16.43,120,2023-03-24
1709,253,Home,1215069,16.03,120,2021-06-08
1710,1845,Auto,61713,16.71,120,2023-07-26
1711,488,Auto,1258013,10.54,18,2024-02-19
1712,853,Auto,1022025,16.42,24,2022-10-25
1713,300,Personal,1299524,14.42,48,2020-08-25
1714,510,Auto,55189,11.33,12,2023-08-24
1715,918,Home,1153134,10.43,48,2020-10-11
1716,1939,Personal,1916081,15.89,48,2023-11-17
1717,1501,Business,885291,17.24,36,2023-11-23
1718,163,Home,1253175,11.58,24,2020-02-05
1719,1835,Auto,1153738,14.35,48,2024-04-09
1720,543,Auto,145340,9.44,48,2024-07-04
1721,643,Personal,226753,17.23,60,2023-10-07
1722,1052,Home,423463,15.42,48,2023-11-06
1723,682,Auto,1722425,17.64,12,2021-12-13
1724,157,Personal,634100,9.03,60,2021-06-13
1725,372,Home,995611,16.57,18,2024-05-29
1726,956,Business,1245487,15.0,12,2023-12-15
1727,279,Home,471315,17.81,12,2022-11-06
1728,1178,Business,1101126,11.69,60,2021-05-04
1729,905,Home,1777189,9.44,18,2021-07-09
1730,365,Business,973986,12.05,60,2023-04-07
1731,1492,Home,1799728,17.48,60,2021-07-22
1732,228,Business,1141721,11.95,18,2022-06-17
1733,67,Auto,884323,16.16,48,2020-02-03
1734,101,Personal,595491,10.24,36,2020-11-20
1735,714,Business,966048,12.44,60,2024-02-20
1736,141,Business,1631612,8.76,24,2024-02-12
1737,1070,Home,1114970,9.51,24,2023-01-23
1738,1669,Auto,506700,11.62,60,2023-04-08
1739,173,Business,1632807,15.34,24,2022-05-21
1740,899,Business,110769,17.7,60,2023-08-16
1741,1976,Home,1665608,8.87,120,2020-12-24
1742,401,Auto,416725,9.6,36,2024-01-18
1743,526,Personal,411482,16.25,36,2021-03-16
1744,1491,Home,53943,16.98,24,2020-12-21
1745,1101,Home,1937178,10.31,18,2020-01-07
1746,53,Personal,818255,12.56,12,2022-10-04
1747,1337,Personal,928619,8.72,60,2023-05-03
1748,1180,Business,364122,11.98,60,2020-03-23
1749,506,Personal,1639466,10.27,12,2020-05-21
1750,1893,Home,753182,15.31,18,2021-11-04
1751,51,Personal,826942,12.0,120,2023-09-29
1752,634,Personal,1166557,14.09,36,2022-12-12
1753,817,Auto,722805,14.05,18,2020-08-31
1754,1615,Business,1870336,12.95,24,2022-11-29
1755,1857,Business,1606631,10.59,36,2023-12-15
1756,164,Personal,1661715,9.27,18,2023-03-09
1757,1252,Business,1993308,10.3,24,2020-07-11
1758,1756,Home,74602,17.09,48,2022-04-13
1759,1053,Business,1985530,16.09,24,2023-01-14
1760,1198,Home,174633,8.65,48,2020-05-05
1761,2000,Home,981358,10.93,60,2020-08-28
1762,1340,Home,979217,16.62,18,2020-03-06
1763,1796,Personal,1024563,11.33,18,2023-11-05
1764,880,Home,1082511,9.35,48,2023-10-06
1765,575,Personal,1097939,12.23,36,2020-11-26
1766,987,Home,1502648,11.66,18,2022-05-19
1767,625,Personal,803882,10.81,60,2023-06-21
1768,243,Home,1134634,9.64,60,2021-10-21
1769,121,Home,272793,11.76,36,2024-02-03
1770,1438,Personal,130006,10.01,60,2020-01-12
1771,1746,Personal,757401,13.69,120,2020-03-20
1772,704,Home,230561,11.41,60,2024-03-21
1773,1171,Auto,1714867,17.26,48,2023-10-26
1774,1199,Home,93420,8.39,120,2024-05-29
1775,1365,Home,295138,14.96,18,2020-01-22
1776,997,Business,1696292,11.68,24,2020-06-16
1777,1079,Auto,752709,8.7,60,2023-02-15
1778,1793,Business,591075,16.1,24,2023-11-13
1779,946,Auto,59358,15.06,60,2023-03-14
1780,1807,Personal,1801439,8.22,24,2023-09-21
1781,1696,Personal,1733828,9.48,48,2024-05-24
1782,765,Business,1294375,14.1,48,2021-01-12
1783,748,Home,1248732,10.13,18,2022-12-13
1784,1706,Business,955724,14.52,18,2020-12-04
1785,1470,Personal,798115,9.09,24,2020-06-10
1786,665,Business,1359374,11.67,120,2020-06-25
1787,442,Home,1223352,17.86,36,2024-12-23
1788,45,Personal,366930,14.6,12,2023-09-22
1789,1807,Personal,769962,8.36,48,2020-02-16
1790,147,Home,1071846,12.19,18,2022-09-28
1791,222,Personal,1303010,11.76,60,2021-08-05
1792,1511,Auto,695624,10.15,60,2024-07-09
1793,1504,Personal,523403,17.83,18,2021-07-30
1794,1211,Personal,590250,16.2,18,2020-06-16
1795,1126,Business,751836,16.43,36,2022-09-25
1796,1941,Personal,1623518,14.45,36,2022-08-11
1797,1563,Business,1916706,13.58,48,2021-01-18
1798,774,Home,656835,9.93,60,2023-07-05
1799,712,Auto,944561,16.06,48,2024-07-03
1800,1476,Auto,1262847,15.58,18,2024-03-01
1801,698,Home,788503,15.69,24,2020-01-07
1802,1167,Business,1939475,14.75,18,2023-12-18
1803,233,Business,1513659,15.58,36,2020-01-28
1804,1562,Business,1326048,17.64,120,2022-05-26
1805,683,Home,162854,10.87,120,2021-03-30
1806,1721,Business,1523681,12.83,36,2023-12-18
1807,1345,Home,136370,12.84,24,2022-11-28
1808,220,Home,51181,15.86,12,2021-08-10
1809,1105,Business,1854820,14.7,120,2020-10-12
1810,1875,Auto,1666921,9.55,120,2022-01-04
1811,925,Auto,1591740,12.75,120,2024-03-01
1812,386,Personal,1165574,11.87,24,2020-06-01
1813,754,Home,1126096,12.95,18,2020-07-31
1814,742,Business,865207,8.77,48,2021-12-26
1815,1924,Home,529202,9.67,18,2024-03-16
1816,129,Home,1538806,9.31,24,2024-01-31
1817,777,Home,1416525,11.88,60,2022-05-06
1818,644,Business,1642054,16.82,60,2023-05-06
1819,1953,Auto,1142667,12.37,120,2024-12-06
1820,452,Business,1058094,8.92,60,2020-12-03
1821,981,Personal,1507848,8.96,48,2022-01-04
1822,33,Personal,1360044,8.27,48,2022-03-23
1823,804,Auto,225732,8.03,18,2023-08-07
1824,155,Home,840148,9.77,12,2022-08-01
1825,1193,Home,907851,17.87,36,2020-09-15
1826,1872,Home,1438686,16.01,12,2024-11-04
1827,339,Auto,1561406,16.66,36,2020-01-09
1828,945,Home,1644736,12.19,60,2023-11-17
1829,245,Business,1601935,8.83,12,2023-01-12
1830,1535,Personal,146379,16.0,60,2023-03-18
1831,382,Business,1715958,15.98,60,2023-06-20
1832,421,Auto,1734068,12.22,60,2024-12-07
1833,1499,Personal,671179,12.57,48,2021-10-21
1834,1984,Auto,1821684,10.31,12,2022-08-12
1835,841,Personal,1172206,9.6,18,2024-12-18
1836,458,Auto,877036,17.74,60,2024-06-14
1837,1186,Personal,298454,13.28,18,2023-06-26
1838,465,Personal,1292988,11.05,60,2021-04-04
1839,560,Business,1512537,16.87,48,2021-07-22
1840,448,Personal,269621,14.3,18,2020-12-21
1841,435,Home,1833094,17.89,60,2024-11-11
1842,529,Auto,1403293,10.9,36,2024-10-14
1843,1228,Business,997689,11.32,48,2022-01-08
1844,218,Personal,1352198,14.04,24,2024-10-26
1845,635,Home,570110,13.0,120,2022-04-06
1846,1742,Home,1242652,17.86,36,2020-02-28
1847,1479,Home,1766709,10.09,12,2024-08-29
1848,1995,Personal,350693,14.75,48,2021-04-23
1849,1916,Personal,758569,17.0,36,2020-04-29
1850,1982,Home,1154081,17.91,60,2022-03-21
1851,2000,Home,990809,8.48,12,2023-01-06
1852,1844,Personal,1795996,17.96,18,2023-10-13
1853,1826,Personal,1498117,9.45,48,2022-05-21
1854,1197,Personal,735694,9.67,24,2024-12-21
1855,1993,Home,1623945,12.6,60,2021-04-10
1856,1379,Home,479764,13.13,24,2024-02-27
1857,783,Home,1388994,13.22,18,2021-03-09
1858,899,Home,1955264,17.48,48,2023-12-23
1859,702,Business,538700,15.44,120,2024-02-11
1860,1732,Personal,732563,9.09,24,2021-12-25
1861,1769,Home,1824029,9.78,12,2020-08-06
1862,1026,Personal,1230697,17.31,24,2020-11-20
1863,1948,Business,1123605,8.52,60,2022-06-13
1864,1646,Home,1405085,13.71,24,2021-02-20
1865,1040,Personal,307901,13.43,12,2024-10-08
1866,138,Personal,1167923,11.28,48,2020-10-19
1867,852,Personal,1758943,12.48,60,2021-02-12
1868,867,Personal,378585,10.32,36,2023-08-01
1869,1179,Home,1554915,17.87,48,2022-01-18
1870,1302,Business,542396,17.76,120,2021-08-19
1871,1974,Home,1425911,11.98,12,2024-02-02
1872,229,Home,117500,15.66,120,2024-06-05
1873,727,Auto,1051742,13.63,120,2023-08-07
1874,1362,Auto,885443,10.55,18,2022-07-06
1875,1757,Business,356877,11.85,48,2021-09-26
1876,1776,Personal,1639014,9.94,120,2020-12-28
1877,887,Auto,587245,12.17,48,2023-04-04
1878,1109,Business,1593523,8.17,12,2020-04-14
1879,1853,Personal,1266817,9.32,60,2023-01-29
1880,1465,Home,584279,16.71,18,2022-08-21
1881,338,Auto,1501214,15.59,36,2023-08-10
1882,1747,Business,405904,17.71,12,2023-02-24
1883,903,Home,490083,13.49,12,2021-07-17
1884,1443,Home,1650317,14.73,36,2020-01-05
1885,733,Personal,1781577,16.35,60,2024-01-06
1886,906,Business,1756775,13.73,24,2024-02-28
1887,1598,Home,660061,12.1,60,2020-09-17
1888,228,Personal,1151055,16.5,36,2021-10-28
1889,1106,Home,1284943,11.6,36,2023-08-13
1890,1123,Business,462304,12.64,18,2024-09-27
1891,269,Personal,91696,11.66,18,2022-12-09
1892,1621,Personal,1866340,16.26,12,2020-10-04
1893,535,Auto,176905,16.66,36,2022-11-25
1894,1209,Auto,1103912,14.57,36,2021-10-25
1895,705,Personal,349237,12.99,120,2023-03-23
1896,556,Personal,1571470,13.08,18,2021-05-11
1897,690,Auto,235135,17.01,120,2020-01-17
1898,1044,Personal,1250741,9.97,36,2023-10-23
1899,1775,Home,1532533,13.57,18,2021-05-15
1900,1459,Business,1725259,13.45,36,2024-08-06
1901,641,Home,547286,9.56,60,2024-07-02
1902,1962,Home,657264,17.36,120,2021-07-10
1903,222,Personal,186377,11.44,60,2022-05-22
1904,922,Home,913839,15.67,24,2020-12-23
1905,1011,Personal,359271,11.44,24,2020-08-26
1906,1021,Home,406236,16.09,48,2021-11-11
1907,1931,Personal,1850596,11.51,60,2020-05-24
1908,1907,Auto,1615098,11.04,60,2022-01-18
1909,731,Business,927415,8.43,48,2021-07-10
1910,1453,Personal,184550,12.89,24,2022-07-12
1911,568,Business,999041,13.46,60,2023-03-11
1912,320,Business,1538478,16.97,120,2023-07-22
1913,1376,Business,1670468,13.67,60,2022-03-10
1914,896,Business,51191,9.5,12,2022-05-19
1915,1233,Personal,748035,9.24,12,2021-09-20
1916,375,Business,78082,16.37,48,2022-08-22
1917,1367,Personal,769884,15.06,60,2024-07-18
1918,501,Personal,779469,13.57,24,2021-05-28
1919,1417,Business,1330270,16.44,48,2022-12-14
1920,1074,Business,1164205,15.88,36,2022-10-05
1921,1064,Home,173516,8.84,12,2023-11-13
1922,463,Auto,1227280,9.9,24,2024-01-12
1923,1909,Business,216912,13.84,36,2022-12-20
1924,1645,Business,683899,9.25,24,2020-11-21
1925,1186,Personal,610246,9.37,48,2022-03-02
1926,1470,Personal,1894982,14.94,24,2023-09-02
1927,1498,Auto,1981172,15.68,18,2021-08-20
1928,101,Business,1383904,16.14,120,2023-10-09
1929,1631,Home,1149396,10.51,24,2022-03-12
1930,1083,Business,98541,11.35,18,2021-01-12
1931,581,Auto,1479565,11.02,12,2023-07-27
1932,1058,Business,1885900,10.79,18,2022-08-26
1933,469,Business,1383177,17.87,120,2022-07-28
1934,1101,Business,1485551,14.95,60,2021-06-04
1935,1235,Auto,1696586,15.52,60,2021-08-17
1936,478,Auto,1254317,8.98,18,2020-03-06
1937,622,Home,1674900,17.48,48,2023-05-21
1938,372,Personal,1903050,9.81,60,2023-02-17
1939,725,Auto,594408,15.46,48,2024-11-22
1940,215,Auto,817639,10.3,60,2020-05-31
1941,135,Business,1409734,15.94,48,2024-12-26
1942,1988,Business,1896958,16.11,48,2021-05-12
1943,478,Home,1240076,9.05,36,2024-10-26
1944,1623,Home,245415,8.45,36,2023-05-13
1945,1134,Personal,919513,16.4,36,2020-02-09
1946,778,Personal,1006116,17.02,48,2020-12-18
1947,394,Auto,456125,13.75,120,2023-01-22
1948,1152,Auto,1138923,8.07,12,2024-08-19
1949,1443,Business,1522013,9.86,24,2021-03-28
1950,1454,Business,747610,15.09,18,2020-06-28
1951,1506,Home,483407,10.6,24,2020-08-19
1952,241,Auto,1727983,13.96,120,2022-08-23
1953,972,Personal,1401915,8.92,48,2021-09-07
1954,1254,Auto,1098215,11.67,120,2022-03-15
1955,1418,Business,520623,8.81,48,2024-11-05
1956,1780,Auto,645927,17.67,48,2023-09-24
1957,78,Personal,519192,8.55,12,2023-01-06
1958,268,Personal,611862,15.13,12,2023-12-25
1959,1793,Personal,255096,17.05,60,2023-11-05
1960,783,Business,1114038,8.64,48,2024-05-07
1961,966,Business,1429636,9.07,120,2020-08-01
1962,1148,Business,676751,14.95,24,2022-01-17
1963,464,Auto,492182,11.17,120,2021-09-21
1964,608,Auto,469001,8.86,24,2021-10-26
1965,1406,Home,418587,17.21,24,2022-01-15
1966,237,Auto,645880,11.7,48,2021-03-30
1967,963,Business,501638,17.51,48,2021-11-29
1968,1111,Business,1048590,13.44,24,2020-12-25
1969,1994,Personal,418731,9.82,48,2024-05-22
1970,1045,Business,1849853,12.24,36,2024-11-11
1971,1848,Auto,1502151,15.45,120,2024-04-09
1972,1475,Business,1455399,10.24,18,2022-10-09
1973,749,Auto,1612468,12.95,12,2022-04-19
1974,200,Home,597555,9.42,36,2024-12-25
1975,1273,Home,1722974,11.65,18,2022-03-01
1976,1461,Business,891249,16.29,12,2023-02-14
1977,9,Home,1019113,10.91,24,2024-01-14
1978,1969,Auto,811713,13.88,60,2020-11-09
1979,1588,Business,1547954,8.81,18,2020-04-11
1980,1410,Personal,1779270,13.84,36,2021-12-20
1981,854,Home,598936,15.42,24,2020-04-22
1982,819,Home,1803955,15.8,24,2020-09-19
1983,1567,Home,1325665,11.25,18,2020-06-13
1984,1287,Business,340047,14.04,18,2020-07-12
1985,220,Auto,1897416,13.42,60,2021-04-30
1986,1437,Home,1475076,9.09,120,2022-04-13
1987,1906,Business,1810373,8.55,60,2021-12-29
1988,485,Personal,1887352,12.7,36,2023-11-06
1989,1862,Home,907208,10.04,12,2022-09-04
1990,1806,Home,1527417,16.49,48,2022-02-04
1991,1262,Business,463242,15.68,60,2021-01-15
1992,638,Auto,1004991,8.2,48,2023-05-05
1993,1872,Business,1762625,15.32,120,2020-11-13
1994,528,Home,1811214,9.57,60,2021-08-20
1995,679,Auto,799616,8.98,24,2022-04-19
1996,1342,Home,1094497,8.54,36,2020-12-01
1997,1726,Personal,622565,16.04,120,2024-05-31
1998,1289,Personal,756823,9.1,48,2020-07-30
1999,14,Auto,508382,9.19,120,2023-08-28
2000,279,Business,1623614,14.94,48,2020-05-06
2001,867,Personal,85576,8.9,120,2021-09-24
2002,999,Home,1472790,8.72,18,2023-04-24
2003,1787,Personal,643499,15.72,18,2022-09-08
2004,1345,Business,1921956,9.67,120,2021-02-14
2005,1645,Auto,1167080,16.4,18,2024-11-01
2006,27,Personal,1041628,17.45,120,2022-10-11
2007,396,Business,1511984,10.66,48,2023-02-02
2008,1938,Personal,1616466,16.04,24,2023-06-05
2009,1283,Business,1412835,8.55,120,2021-01-20
2010,327,Auto,970682,8.33,18,2020-09-17
2011,726,Auto,540920,11.76,120,2024-08-06
2012,1303,Home,794098,17.04,60,2023-09-07
2013,1870,Auto,1143433,8.74,36,2021-11-14
2014,1370,Business,1106027,11.2,12,2020-07-10
2015,1228,Home,1803592,13.15,36,2022-03-31
2016,677,Personal,1608585,13.05,120,2020-01-15
2017,1473,Business,743414,11.08,60,2021-05-03
2018,764,Personal,431211,10.33,12,2024-09-12
2019,1837,Home,1845190,10.95,36,2023-12-18
2020,267,Personal,205901,14.17,24,2020-07-28
2021,839,Business,927292,12.95,36,2021-06-14
2022,41,Personal,90785,15.44,48,2021-04-17
2023,150,Home,1988639,15.38,36,2024-03-11
2024,1757,Personal,1955900,11.73,60,2022-08-20
2025,1294,Home,442568,9.23,48,2023-06-17
2026,1477,Home,1327907,12.93,12,2021-03-18
2027,1566,Business,1338279,15.59,48,2020-10-28
2028,846,Personal,1405325,8.39,24,2023-08-20
2029,1875,Personal,1157194,8.81,120,2024-05-05
2030,758,Home,1057156,14.71,12,2024-01-16
2031,948,Personal,1120148,16.34,18,2020-08-30
2032,1402,Personal,1953188,12.98,48,2020-02-14
2033,174,Personal,668168,10.88,120,2021-06-21
2034,848,Business,761586,14.01,24,2022-09-25
2035,1542,Business,548765,10.78,48,2024-11-22
2036,1048,Business,1623068,10.07,48,2023-01-16
2037,803,Auto,309754,8.62,60,2022-03-01
2038,1275,Personal,320451,9.54,60,2024-07-10
2039,1234,Auto,1016101,17.21,12,2021-10-27
2040,420,Home,142536,13.95,12,2022-06-04
2041,1073,Business,789213,12.83,60,2022-10-24
2042,1939,Home,1051849,14.48,18,2020-01-01
2043,1411,Business,1247846,12.76,18,2023-09-18
2044,1583,Home,64456,10.85,18,2022-10-18
2045,861,Personal,241541,14.04,18,2023-10-22
2046,1521,Business,1045412,13.14,18,2021-02-06
2047,1613,Business,457231,11.49,48,2022-02-09
2048,1976,Personal,1739306,8.27,36,2021-08-09
2049,1103,Personal,459898,8.84,24,2023-12-27
2050,827,Home,154986,17.17,60,2021-02-24
2051,28,Personal,422288,14.57,18,2021-08-10
2052,1380,Business,1150045,15.86,120,2022-09-11
2053,363,Home,1086019,17.92,48,2023-10-30
2054,437,Auto,1183145,10.32,18,2023-12-11
2055,1270,Home,684256,9.98,60,2021-04-15
2056,1906,Home,1769775,10.18,120,2020-02-07
2057,668,Personal,1223843,9.35,24,2023-06-14
2058,390,Business,308941,11.36,12,2024-12-20
2059,469,Auto,1287907,10.55,24,2023-09-18
2060,1059,Auto,1313700,16.56,60,2023-01-09
2061,1404,Business,1934906,9.46,18,2023-05-28
2062,1408,Business,926349,9.2,18,2021-11-29
2063,425,Home,1858506,17.81,60,2023-10-20
2064,1186,Business,1531075,13.52,18,2024-03-03
2065,291,Auto,365327,12.36,60,2020-09-08
2066,1819,Home,1436028,16.79,12,2020-03-15
2067,1000,Business,600754,8.2,36,2023-03-13
2068,1749,Auto,1969672,12.38,120,2022-08-27
2069,433,Home,1912812,17.86,60,2022-01-24
2070,716,Personal,251920,9.94,48,2021-05-24
2071,838,Personal,1709528,16.62,120,2023-12-09
2072,907,Business,75818,14.21,24,2020-07-13
2073,1104,Home,1033075,10.01,48,2020-11-07
2074,1579,Home,1622511,8.78,48,2023-12-23
2075,1757,Business,1783932,9.96,12,2023-11-20
2076,569,Auto,987823,8.51,24,2022-04-10
2077,123,Personal,1959069,12.6,18,2024-10-04
2078,1424,Personal,609261,17.03,18,2023-12-17
2079,28,Auto,466425,14.41,18,2023-04-06
2080,1149,Personal,1831256,17.39,36,2023-12-09
2081,1344,Personal,1062323,9.8,48,2020-04-09
2082,1312,Personal,1226108,13.15,24,2024-11-26
2083,1558,Home,1501437,11.4,24,2022-03-28
2084,799,Personal,1015596,15.42,36,2020-07-31
2085,429,Personal,598733,9.29,24,2024-11-07
2086,841,Home,1291190,12.84,18,2023-06-25
2087,1158,Home,773222,16.06,24,2021-10-31
2088,1175,Home,1943288,8.8,24,2024-09-05
2089,1764,Personal,1641352,11.91,120,2024-05-18
2090,567,Personal,655523,12.99,48,2022-06-21
2091,1150,Home,1063744,17.93,48,2022-06-05
2092,1242,Auto,822835,15.16,12,2022-01-27
2093,440,Auto,1704460,14.1,18,2020-12-22
2094,634,Personal,1775314,15.05,60,2021-11-25
2095,992,Home,433395,9.21,60,2021-02-09
2096,783,Home,993397,8.29,18,2022-03-22
2097,1092,Business,197429,8.34,12,2024-01-01
2098,1801,Home,551027,10.67,60,2020-12-27
2099,878,Auto,1823051,14.43,18,2020-02-11
2100,1314,Auto,517426,13.24,18,2021-08-09
2101,319,Home,567329,16.07,48,2024-05-05
2102,269,Auto,1950599,17.55,36,2021-04-27
2103,670,Personal,1797299,10.9,48,2024-02-03
2104,460,Personal,735940,9.36,24,2022-12-02
2105,49,Personal,826363,12.37,36,2021-09-21
2106,1386,Home,1807549,10.26,18,2024-03-16
2107,529,Auto,1681778,16.92,60,2020-10-03
2108,1506,Home,502505,9.33,36,2022-08-30
2109,1566,Business,1403370,15.85,36,2024-01-25
2110,1288,Auto,1414174,17.49,36,2020-03-18
2111,1966,Business,1816358,17.13,48,2023-09-24
2112,695,Home,260294,9.75,60,2020-11-07
2113,1708,Personal,1564103,13.63,18,2023-07-21
2114,1827,Home,575675,14.81,36,2023-05-30
2115,558,Auto,179494,13.22,12,2021-11-06
2116,971,Business,1319177,10.08,120,2022-06-15
2117,1387,Personal,1378260,13.94,18,2023-09-04
2118,1526,Auto,1453411,8.5,36,2020-04-11
2119,43,Business,1457830,17.19,60,2023-03-09
2120,1902,Personal,1941443,8.28,12,2024-04-18
2121,99,Personal,1429160,11.0,18,2022-01-31
2122,1347,Auto,1546220,16.14,24,2024-08-27
2123,1750,Business,892007,13.86,18,2020-06-21
2124,1728,Home,1822176,16.13,24,2021-05-04
2125,1381,Personal,985638,17.23,24,2020-01-11
2126,672,Personal,1846450,15.07,18,2021-12-03
2127,1389,Business,1367469,16.97,24,2021-02-21
2128,1350,Auto,1265081,14.04,60,2022-12-23
2129,298,Personal,1300640,11.58,60,2020-03-13
2130,27,Personal,413174,14.4,36,2022-09-20
2131,770,Home,1294686,8.72,24,2024-09-28
2132,1979,Home,471623,9.1,120,2020-11-16
2133,1873,Personal,1388997,16.94,60,2022-08-23
2134,1353,Business,268056,17.49,48,2024-10-09
2135,954,Personal,999540,12.65,12,2022-12-15
2136,283,Personal,616335,9.77,48,2023-03-02
2137,1605,Business,1869709,13.68,120,2024-04-28
2138,771,Personal,1639098,13.06,24,2023-03-01
2139,1298,Business,1380237,13.57,24,2024-10-22
2140,420,Home,773762,13.83,12,2022-04-03
2141,69,Home,1999316,16.16,36,2023-12-05
2142,1199,Auto,728421,10.83,18,2022-05-05
2143,492,Personal,456763,13.27,120,2020-02-05
2144,1499,Auto,304494,8.28,48,2023-04-16
2145,1195,Auto,1117390,11.09,12,2021-11-03
2146,1028,Home,1440464,16.35,12,2022-10-06
2147,794,Auto,265772,13.73,12,2021-06-09
2148,779,Auto,261028,13.98,18,2022-07-21
2149,1192,Home,1657613,11.24,120,2022-05-08
2150,60,Auto,1820881,16.47,120,2020-12-05
2151,1165,Home,777900,12.87,18,2024-11-04
2152,1388,Personal,1925205,8.28,18,2020-12-03
2153,1066,Home,912107,14.1,120,2020-08-19
2154,1074,Auto,371185,13.5,24,2021-08-04
2155,1920,Auto,1970494,13.46,12,2020-08-18
2156,95,Auto,1082179,8.66,12,2020-01-28
2157,50,Business,1589560,12.03,36,2024-09-01
2158,1959,Personal,1052721,15.09,48,2020-09-15
2159,106,Personal,450830,9.29,12,2020-08-12
2160,440,Business,1228926,15.56,60,2022-01-02
2161,1999,Auto,994047,11.15,48,2021-04-22
2162,1098,Personal,380244,13.57,48,2022-11-09
2163,1015,Auto,442006,15.55,36,2024-06-19
2164,497,Personal,1515539,16.84,18,2022-12-04
2165,1515,Business,660025,9.71,12,2024-06-15
2166,1240,Personal,1879136,9.82,48,2022-03-13
2167,1034,Auto,415877,16.52,12,2021-04-04
2168,896,Personal,1436139,12.27,120,2021-11-20
2169,142,Personal,1487850,12.04,36,2022-03-17
2170,858,Auto,1918838,14.06,60,2020-06-13
2171,1312,Home,459264,10.34,36,2023-01-07
2172,1130,Home,1293557,12.04,48,2020-11-29
2173,330,Home,914875,11.49,36,2021-12-29
2174,698,Home,1271530,17.18,24,2020-07-17
2175,468,Home,978605,13.92,36,2020-01-17
2176,1021,Personal,1872219,16.63,18,2021-06-02
2177,1143,Auto,1097085,17.7,120,2024-09-28
2178,506,Home,487825,17.74,48,2021-06-10
2179,1262,Auto,1049807,9.02,12,2021-03-30
2180,19,Personal,1447828,16.08,18,2021-03-26
2181,1547,Business,1006981,13.56,48,2021-02-26
2182,80,Auto,644130,15.33,60,2022-01-14
2183,932,Home,357149,9.85,36,2024-03-14
2184,1034,Home,1796188,15.33,120,2020-08-22
2185,499,Business,1912705,12.63,48,2020-07-29
2186,927,Auto,1199190,15.7,24,2024-11-08
2187,182,Personal,1693537,15.5,12,2021-02-09
2188,611,Personal,630476,8.36,48,2020-11-27
2189,1786,Auto,1752116,17.32,36,2024-04-23
2190,537,Business,538231,9.09,48,2024-10-20
2191,1372,Home,623535,15.68,12,2020-07-14
2192,1310,Home,981700,10.57,36,2024-10-09
2193,1256,Business,521032,16.51,48,2022-12-03
2194,1962,Personal,285833,11.36,24,2024-08-07
2195,1391,Auto,630003,15.74,24,2024-04-15
2196,1815,Personal,584108,13.8,48,2021-03-11
2197,278,Home,809120,13.67,48,2022-10-13
2198,1840,Auto,337159,8.69,18,2020-04-20
2199,1919,Business,1013173,13.14,36,2022-08-17
2200,1035,Personal,561165,8.9,60,2021-01-18
2201,892,Personal,1805253,10.69,60,2022-01-04
2202,382,Auto,1188118,9.9,36,2020-12-20
2203,1539,Home,212204,15.34,48,2024-11-30
2204,1755,Home,524649,11.17,18,2021-11-18
2205,1050,Personal,1957153,15.42,48,2024-05-14
2206,1248,Personal,271828,10.94,12,2020-02-03
2207,970,Home,215273,13.63,36,2022-08-06
2208,1124,Auto,288324,14.07,36,2023-01-20
2209,1698,Business,60931,8.87,36,2023-09-19
2210,692,Home,1528227,15.01,24,2024-03-03
2211,1599,Business,217417,11.99,18,2022-04-17
2212,8,Personal,949934,13.44,48,2023-12-02
2213,373,Personal,122942,17.48,60,2023-05-15
2214,1087,Home,1549568,8.53,36,2020-03-16
2215,629,Business,513098,16.23,18,2024-02-18
2216,2000,Business,94594,9.3,60,2021-04-13
2217,1597,Business,374735,8.8,36,2024-02-14
2218,1234,Auto,447287,16.06,48,2022-04-27
2219,353,Home,1864960,11.92,36,2022-11-11
2220,666,Personal,808381,12.6,18,2022-03-18
2221,817,Personal,1009175,12.31,48,2020-11-22
2222,442,Personal,182144,12.21,60,2021-07-29
2223,1625,Auto,1306435,9.49,48,2023-03-16
2224,1091,Home,771142,10.94,12,2021-05-11
2225,1055,Home,366295,11.44,120,2022-03-14
2226,1026,Auto,1521899,12.31,120,2024-01-11
2227,1578,Auto,161903,9.27,36,2020-09-24
2228,1240,Business,71594,15.37,36,2020-02-12
2229,993,Personal,1231047,13.8,60,2022-05-05
2230,78,Business,500404,13.18,48,2022-05-14
2231,23,Business,79005,15.69,18,2023-04-30
2232,1669,Home,1812587,17.25,12,2023-03-30
2233,1406,Personal,90278,15.04,12,2024-01-09
2234,1451,Auto,970905,8.45,12,2020-02-24
2235,498,Home,1157065,15.97,48,2024-09-07
2236,1914,Business,344857,15.1,18,2022-01-07
2237,1157,Home,1661496,17.67,60,2024-08-05
2238,262,Auto,1750038,10.55,60,2022-12-26
2239,1762,Business,1097676,12.28,60,2022-04-11
2240,1752,Personal,611372,17.31,60,2024-01-08
2241,40,Business,1521690,17.69,24,2022-09-09
2242,716,Home,1936261,10.3,36,2023-07-04
2243,1291,Personal,1460111,13.3,12,2023-03-16
2244,1514,Personal,309778,15.22,36,2020-03-06
2245,1183,Auto,358224,16.79,36,2023-04-17
2246,306,Business,1003076,16.65,120,2023-09-29
2247,456,Business,1779878,9.29,24,2022-05-05
2248,1483,Personal,1957918,13.05,24,2024-09-11
2249,918,Auto,263373,13.1,120,2020-03-31
2250,115,Business,1544755,8.96,12,2021-06-13
2251,534,Business,1125144,9.15,36,2021-07-31
2252,1095,Business,329448,12.84,18,2022-01-01
2253,412,Auto,220027,17.99,48,2023-01-15
2254,1813,Home,1511938,17.19,12,2024-08-09
2255,1213,Business,253021,14.72,60,2023-02-16
2256,1746,Business,1091341,12.88,120,2020-07-28
2257,1811,Home,1890604,11.98,48,2020-07-09
2258,708,Home,381125,17.43,120,2024-07-23
2259,997,Personal,1417498,9.04,18,2024-07-12
2260,218,Personal,1151740,17.23,48,2021-03-10
2261,792,Personal,935382,13.39,24,2021-12-07
2262,765,Auto,150247,15.7,60,2024-06-01
2263,510,Auto,1915258,11.63,12,2023-01-09
2264,1027,Auto,1439341,15.12,36,2022-06-05
2265,288,Auto,1345500,8.03,24,2023-04-22
2266,707,Business,176067,13.68,24,2024-10-31
2267,1725,Personal,708355,15.61,36,2021-06-24
2268,1127,Business,388804,15.91,12,2023-01-29
2269,1818,Personal,287253,13.6,60,2022-06-17
2270,1454,Home,1758753,9.79,18,2024-04-11
2271,748,Personal,506763,12.55,60,2024-07-27
2272,888,Auto,146073,9.96,36,2024-01-29
2273,739,Home,1111570,11.04,120,2020-11-06
2274,774,Home,1354009,8.03,12,2020-05-24
2275,787,Home,1300527,16.92,60,2020-08-10
2276,358,Home,798946,17.2,18,2024-07-09
2277,395,Business,993821,13.07,48,2020-12-22
2278,496,Business,209059,8.81,12,2022-01-12
2279,1149,Personal,863413,12.52,36,2024-03-14
2280,1717,Home,1892091,16.43,48,2023-09-07
2281,1369,Business,1749237,9.81,18,2021-07-26
2282,801,Business,464196,14.47,48,2024-12-02
2283,1445,Auto,1368587,11.16,36,2023-05-04
2284,1208,Auto,148994,16.82,36,2023-01-28
2285,1678,Personal,520093,15.16,60,2024-11-20
2286,812,Personal,1317050,12.56,24,2023-03-26
2287,715,Auto,162446,10.13,24,2020-11-11
2288,480,Auto,160335,15.54,36,2021-07-22
2289,292,Home,1422495,12.43,60,2022-10-12
2290,1246,Business,1212041,16.56,24,2023-10-05
2291,576,Business,1367876,8.89,36,2022-09-26
2292,604,Business,1265568,12.72,12,2020-07-12
2293,1739,Home,993828,17.66,18,2021-10-19
2294,1560,Business,1354829,9.46,12,2020-12-17
2295,317,Home,482461,12.14,24,2024-12-29
2296,1833,Home,1663481,15.96,48,2023-02-10
2297,9,Business,1889263,16.61,24,2022-03-17
2298,348,Business,580856,16.04,18,2022-08-27
2299,1680,Personal,1058708,15.2,24,2024-07-28
2300,479,Personal,1790656,17.1,60,2021-09-27
2301,1461,Auto,1498662,8.09,12,2021-11-20
2302,1695,Business,1148353,16.41,36,2020-11-29
2303,152,Auto,210347,17.54,60,2022-10-26
2304,1546,Business,910237,17.76,36,2023-10-21
2305,71,Business,1766211,11.03,18,2020-07-12
2306,973,Home,1179926,17.24,60,2022-01-08
2307,207,Business,110596,10.93,60,2024-01-13
2308,1068,Auto,1168783,17.82,120,2021-03-28
2309,1433,Business,1631268,13.83,120,2022-06-23
2310,194,Personal,804901,15.26,60,2021-02-02
2311,1774,Personal,737064,9.73,24,2020-09-26
2312,1115,Business,1448711,11.92,18,2023-05-30
2313,1949,Home,299798,15.93,60,2021-02-11
2314,1311,Home,936475,14.06,48,2022-07-23
2315,1127,Home,647922,13.13,18,2023-04-28
2316,1520,Business,1847940,9.5,120,2020-10-12
2317,590,Personal,867084,15.36,120,2024-09-11
2318,1176,Home,1743238,13.49,48,2021-11-10
2319,1587,Home,1719319,9.48,120,2023-02-20
2320,1280,Business,794203,13.32,12,2021-09-23
2321,1973,Business,1649361,13.89,24,2022-09-12
2322,1421,Business,1906742,14.95,24,2022-03-11
2323,791,Personal,251859,17.5,48,2023-10-07
2324,134,Personal,1692271,10.06,48,2022-07-15
2325,388,Business,370821,9.69,120,2021-09-25
2326,518,Home,1824108,14.84,18,2023-02-01
2327,1982,Business,1070831,13.39,24,2020-04-07
2328,875,Personal,1035624,15.01,48,2020-04-20
2329,1810,Auto,1067873,13.21,120,2023-07-03
2330,833,Personal,216401,12.47,12,2023-05-11
2331,868,Business,1943397,8.93,18,2024-05-05
2332,892,Business,1776122,11.14,18,2020-06-10
2333,1046,Business,1356646,17.62,12,2020-02-28
2334,922,Home,1717047,14.06,48,2023-06-30
2335,131,Personal,1947168,9.95,24,2022-05-25
2336,1472,Auto,1507810,12.15,18,2021-07-26
2337,892,Business,860529,13.16,60,2021-04-15
2338,633,Personal,1370539,8.48,120,2020-11-13
2339,620,Home,57813,9.29,48,2024-07-09
2340,1004,Business,1855496,15.89,120,2023-07-22
2341,299,Home,1415357,14.99,120,2020-06-06
2342,1136,Personal,252535,14.57,48,2022-11-29
2343,823,Home,869704,8.93,18,2024-04-19
2344,1265,Business,697231,16.66,60,2023-12-27
2345,272,Auto,1339108,16.37,48,2024-01-23
2346,1550,Business,121903,11.99,24,2020-05-02
2347,1708,Personal,387593,8.72,24,2021-02-01
2348,839,Home,1486416,8.12,48,2022-04-14
2349,1366,Personal,1637352,15.4,18,2021-12-29
2350,650,Personal,1851266,13.49,18,2020-11-07
2351,1117,Personal,1439842,11.21,60,2021-04-30
2352,867,Personal,1561825,9.27,120,2024-06-20
2353,155,Business,931586,13.31,60,2023-12-01
2354,879,Auto,261750,16.83,12,2020-04-16
2355,263,Business,1179660,14.86,36,2020-11-06
2356,1582,Business,1851173,14.11,18,2022-02-20
2357,653,Home,1651299,16.05,12,2023-01-19
2358,1267,Business,881467,8.8,24,2021-07-10
2359,1404,Personal,1187621,11.14,12,2024-01-05
2360,1837,Personal,1383411,16.17,18,2021-01-08
2361,1076,Home,1742709,16.78,48,2024-04-13
2362,557,Auto,1310811,10.05,48,2023-12-30
2363,1141,Personal,679344,8.51,12,2022-04-07
2364,310,Personal,167608,15.32,120,2024-04-27
2365,1178,Personal,418846,10.56,12,2023-10-17
2366,1433,Business,885635,13.86,48,2024-05-06
2367,1413,Business,1152094,12.29,48,2021-07-08
2368,1809,Personal,1334564,16.01,120,2024-08-30
2369,1837,Auto,1109058,16.41,36,2020-08-25
2370,1067,Auto,794670,13.35,60,2024-05-02
2371,206,Personal,1555177,8.2,12,2024-04-06
2372,668,Home,1345914,9.66,48,2024-03-09
2373,1980,Home,1903150,13.31,60,2020-08-24
2374,1860,Personal,882179,11.31,12,2021-09-30
2375,1874,Business,1407112,8.08,60,2024-07-16
2376,1736,Business,262789,10.91,36,2022-09-15
2377,426,Auto,521379,13.7,12,2024-12-15
2378,1286,Home,120658,16.32,120,2020-11-14
2379,353,Personal,562548,13.96,120,2020-10-24
2380,1818,Business,1275822,9.46,120,2021-10-06
2381,1274,Personal,170565,9.87,60,2022-10-30
2382,701,Business,1635515,17.9,12,2023-02-01
2383,561,Auto,103397,14.83,36,2020-06-03
2384,1733,Business,1542834,15.61,60,2024-01-15
2385,353,Home,364524,12.44,12,2021-12-22
2386,1274,Home,1130327,9.5,36,2020-12-24
2387,1190,Auto,1898491,15.08,24,2022-10-13
2388,1504,Personal,1928958,12.56,12,2024-06-18
2389,1180,Business,907421,15.21,48,2021-08-16
2390,631,Auto,1896932,17.65,24,2021-09-26
2391,1058,Personal,582561,13.22,18,2020-11-21
2392,155,Personal,896966,14.17,18,2023-02-14
2393,1779,Business,1003121,11.52,12,2020-10-31
2394,797,Auto,274485,15.87,60,2021-02-14
2395,34,Personal,666071,15.4,18,2024-12-01
2396,616,Home,431842,11.06,18,2024-04-20
2397,665,Personal,894643,15.72,12,2022-10-05
2398,1172,Home,962742,9.14,24,2023-11-18
2399,401,Auto,578569,17.16,48,2021-10-06
2400,1208,Business,1289205,10.51,120,2020-12-27
2401,589,Auto,1035163,16.94,36,2023-05-27
2402,59,Auto,1337866,8.23,60,2023-04-17
2403,538,Home,876166,14.55,36,2021-01-26
2404,1184,Personal,1331609,16.47,48,2022-12-15
2405,98,Business,1662336,8.96,48,2022-05-21
2406,1731,Home,1922353,11.17,120,2020-02-18
2407,1129,Auto,1483710,11.19,24,2022-05-05
2408,1715,Business,1179315,12.39,24,2021-11-19
2409,1916,Auto,1250462,9.85,60,2021-08-15
2410,1744,Home,537687,16.52,18,2020-12-12
2411,1563,Personal,214083,13.13,12,2022-11-20
2412,1302,Personal,1349441,8.56,18,2021-04-25
2413,841,Auto,354279,17.19,48,2022-08-03
2414,1985,Personal,1146980,13.03,24,2021-09-26
2415,925,Home,1529517,17.13,48,2024-10-02
2416,841,Business,394920,11.84,24,2023-09-18
2417,389,Business,184243,9.61,12,2023-07-25
2418,1250,Business,851010,10.38,24,2023-11-29
2419,333,Auto,1360755,15.24,48,2022-10-31
2420,165,Personal,598339,9.47,120,2024-06-23
2421,415,Home,1914923,8.25,60,2023-08-08
2422,684,Auto,792027,17.71,18,2024-03-02
2423,96,Business,1843789,17.14,36,2020-01-29
2424,726,Business,1569443,17.92,120,2022-12-10
2425,1803,Auto,650902,15.23,36,2022-05-28
2426,737,Business,1935999,11.75,24,2024-04-30
2427,691,Auto,1437491,15.75,12,2022-05-28
2428,1338,Business,1511510,11.08,36,2020-03-17
2429,1127,Business,1055408,10.94,18,2021-04-06
2430,245,Personal,1276848,8.52,12,2021-01-09
2431,463,Auto,1296992,8.49,12,2022-11-06
2432,56,Personal,1552202,15.65,120,2020-05-13
2433,383,Home,1377134,17.83,12,2023-08-15
2434,1843,Personal,606215,13.33,48,2021-12-10
2435,820,Personal,1764705,11.6,120,2024-07-22
2436,720,Business,1367296,10.36,60,2020-10-03
2437,281,Personal,51098,10.42,48,2021-01-14
2438,887,Home,1923957,8.69,48,2020-10-22
2439,19,Business,1638251,14.73,36,2021-01-19
2440,1236,Personal,1558810,10.25,48,2020-02-04
2441,1331,Home,801197,13.35,60,2022-08-06
2442,116,Personal,1388013,10.97,60,2023-04-01
2443,1119,Home,426886,17.14,60,2020-02-25
2444,277,Auto,586058,13.95,12,2022-04-01
2445,856,Home,1551621,15.98,60,2020-03-14
2446,1314,Auto,1476263,9.06,24,2021-03-25
2447,765,Business,220787,14.9,48,2024-07-16
2448,91,Business,488534,10.04,120,2020-07-30
2449,679,Home,1425082,9.53,12,2023-02-18
2450,1991,Personal,1780805,14.52,120,2024-02-28
2451,29,Auto,329907,12.9,36,2024-07-23
2452,1958,Auto,765250,15.71,18,2020-11-03
2453,680,Business,506324,13.71,120,2021-01-23
2454,149,Auto,304945,13.98,24,2020-10-30
2455,1077,Business,1382942,9.2,60,2024-10-13
2456,756,Business,1893129,10.02,60,2023-08-08
2457,942,Home,1835487,16.86,48,2022-07-20
2458,1002,Home,1181479,9.18,18,2024-08-24
2459,1995,Home,1074012,14.55,18,2024-11-25
2460,281,Home,346040,16.19,36,2021-06-13
2461,1449,Auto,397530,17.21,60,2021-01-22
2462,1403,Home,1549120,14.8,12,2022-09-05
2463,1737,Home,545945,10.14,12,2024-01-05
2464,1288,Auto,1635079,17.58,60,2022-12-12
2465,154,Business,1025769,12.12,60,2024-05-08
2466,138,Home,569936,14.83,120,2023-05-30
2467,148,Business,1918885,9.09,60,2020-10-24
2468,987,Home,659579,17.64,12,2020-11-12
2469,1808,Personal,1652684,12.09,12,2024-06-08
2470,663,Business,1110821,12.17,48,2021-06-01
2471,1885,Personal,477441,15.87,24,2024-06-06
2472,1497,Business,1150353,9.69,36,2022-11-25
2473,287,Business,72539,9.73,48,2021-02-28
2474,1189,Auto,1039616,11.04,120,2023-07-14
2475,163,Personal,1467852,8.48,48,2023-10-17
2476,562,Home,1276710,14.48,24,2020-09-14
2477,578,Personal,1477269,11.42,48,2020-04-14
2478,174,Personal,507287,13.73,60,2021-12-03
2479,1479,Home,1786598,14.71,18,2023-04-14
2480,865,Auto,576347,8.38,36,2023-03-06
2481,1778,Business,1962814,16.47,36,2023-06-06
2482,268,Home,1968159,9.55,60,2022-02-14
2483,1898,Personal,1670524,16.59,24,2023-07-06
2484,1375,Business,1953696,9.12,60,2024-01-17
2485,713,Auto,205896,15.79,36,2023-06-07
2486,453,Home,1069453,9.08,18,2021-06-16
2487,48,Home,157556,13.17,18,2022-10-03
2488,332,Home,61718,9.03,48,2024-12-18
2489,1669,Auto,1090452,11.02,24,2023-10-23
2490,1333,Auto,290347,15.93,48,2021-08-10
2491,1724,Home,891169,14.21,18,2024-08-24
2492,909,Business,506627,9.17,12,2021-07-22
2493,1626,Auto,1591067,11.4,24,2023-02-16
2494,1698,Business,272678,11.9,60,2021-10-29
2495,1968,Personal,349455,10.77,60,2022-09-05
2496,234,Business,424969,12.97,12,2020-11-21
2497,913,Business,960537,11.97,120,2023-06-29
2498,1101,Business,866443,10.43,24,2022-06-27
2499,521,Home,1058962,10.4,48,2023-07-01
2500,1560,Business,1487954,10.4,18,2024-08-03
2501,1098,Home,1759943,12.59,18,2022-05-23
2502,761,Personal,1970288,13.82,48,2021-02-04
2503,1899,Home,183451,12.47,60,2022-01-01
2504,1396,Auto,1964754,10.31,60,2023-11-05
2505,613,Home,1799460,9.06,36,2024-10-17
2506,112,Home,1074115,10.31,120,2021-03-10
2507,240,Home,1613267,11.38,18,2024-01-22
2508,155,Business,1907165,13.73,48,2022-10-02
2509,1948,Business,800921,9.77,18,2021-03-27
2510,910,Auto,305500,12.5,18,2020-07-23
2511,707,Home,494868,14.04,24,2022-10-09
2512,1878,Business,1690481,14.52,120,2020-02-28
2513,1784,Home,885310,16.23,18,2024-02-06
2514,1144,Home,654723,15.02,12,2020-03-31
2515,1497,Home,423777,13.89,18,2022-12-23
2516,1031,Auto,1745656,8.16,36,2021-09-30
2517,1962,Personal,1779687,12.25,48,2024-02-25
2518,1551,Auto,816298,9.01,18,2021-11-20
2519,470,Auto,327429,11.77,60,2020-05-04
2520,1902,Home,909110,8.01,12,2023-10-26
2521,808,Personal,1713843,9.99,12,2020-07-10
2522,605,Personal,1099468,14.77,18,2023-01-28
2523,675,Personal,865226,15.94,120,2021-03-27
2524,1966,Personal,1944408,15.99,24,2021-03-15
2525,501,Business,1094657,14.04,36,2023-03-19
2526,525,Personal,621617,9.9,60,2021-05-27
2527,1149,Business,1709001,13.19,48,2022-02-04
2528,893,Personal,1214963,12.26,48,2022-11-27
2529,241,Personal,1163335,16.34,24,2022-11-27
2530,1441,Personal,1668809,11.16,48,2020-09-20
2531,959,Business,53370,15.22,120,2022-04-26
2532,114,Business,1936072,11.61,18,2024-12-24
2533,1082,Personal,1209419,13.38,48,2022-05-22
2534,1699,Auto,737382,8.35,18,2021-05-31
2535,857,Auto,535436,10.29,48,2022-01-12
2536,845,Business,762200,8.48,36,2021-12-29
2537,27,Auto,579790,14.54,24,2024-11-26
2538,1620,Home,1140454,14.78,48,2022-01-18
2539,193,Auto,381874,17.6,24,2023-11-13
2540,835,Auto,369679,16.54,24,2024-06-15
2541,1194,Auto,1967311,10.22,24,2024-08-12
2542,1085,Business,317522,9.54,120,2024-10-11
2543,1442,Auto,922994,13.96,12,2024-01-15
2544,1033,Personal,722383,16.89,60,2022-07-16
2545,1189,Home,659238,11.61,18,2020-04-26
2546,589,Business,1416474,17.75,12,2022-12-18
2547,913,Business,1688030,17.73,60,2023-01-20
2548,149,Personal,1311225,15.05,48,2021-10-28
2549,150,Business,809559,14.11,36,2024-08-02
2550,773,Home,894512,10.64,36,2024-11-30
2551,1735,Home,277700,12.31,36,2024-12-13
2552,1838,Personal,87263,17.79,120,2020-11-29
2553,1958,Home,708171,14.33,120,2021-07-21
2554,1675,Business,1773192,14.11,24,2023-02-09
2555,1750,Home,489000,17.88,12,2020-10-17
2556,1157,Business,1407025,13.21,60,2023-02-25
2557,126,Personal,1887546,15.94,24,2022-12-13
2558,229,Business,722338,14.16,60,2021-11-21
2559,1069,Auto,172407,10.38,120,2023-11-12
2560,138,Business,1493413,15.06,60,2023-05-13
2561,79,Home,1210654,11.34,18,2020-06-04
2562,1333,Personal,1959365,11.51,120,2022-06-20
2563,1001,Personal,140230,15.0,60,2021-07-21
2564,1750,Personal,540038,13.8,24,2021-08-12
2565,993,Home,266459,11.07,48,2024-02-27
2566,1568,Home,1845137,17.23,12,2024-10-06
2567,1437,Business,319287,15.2,120,2022-12-25
2568,459,Business,125289,10.51,36,2020-04-06
2569,436,Auto,1616680,12.82,36,2023-04-22
2570,1880,Home,805945,17.54,12,2022-05-20
2571,1753,Business,865963,17.08,12,2021-11-25
2572,962,Home,1069759,9.01,120,2021-01-20
2573,461,Personal,1299185,16.47,12,2024-06-09
2574,860,Business,919809,16.17,12,2023-05-16
2575,1071,Auto,1085857,10.65,120,2020-04-24
2576,1897,Business,928315,8.24,12,2024-06-23
2577,1947,Home,1440379,12.9,24,2022-06-13
2578,1706,Business,408317,14.85,48,2024-10-24
2579,950,Personal,669034,15.2,120,2022-09-24
2580,1600,Business,838625,9.19,120,2023-07-27
2581,1264,Business,998039,13.78,120,2023-08-24
2582,971,Auto,1663441,10.1,12,2020-09-01
2583,659,Personal,1412077,10.52,24,2023-01-31
2584,848,Personal,1943913,16.24,24,2024-05-13
2585,282,Home,1650380,14.97,48,2020-01-19
2586,1044,Business,88715,11.93,36,2024-11-10
2587,970,Auto,1077300,12.33,24,2023-10-28
2588,1256,Home,681397,13.04,120,2023-05-06
2589,983,Personal,60699,11.87,48,2024-08-26
2590,1815,Auto,1787874,17.15,60,2024-05-16
2591,268,Personal,74068,15.75,18,2022-09-20
2592,1772,Business,883351,13.28,36,2022-11-05
2593,113,Auto,1316538,9.13,36,2020-10-15
2594,302,Personal,296234,14.75,120,2020-03-06
2595,1650,Home,1343091,8.61,18,2023-11-22
2596,827,Home,764767,12.61,60,2024-12-16
2597,1949,Auto,1406633,13.22,36,2024-09-09
2598,1326,Business,408532,11.8,24,2021-10-28
2599,325,Auto,1524030,8.25,48,2024-05-26
2600,1984,Business,886798,10.58,60,2020-12-14
2601,11,Auto,253407,17.46,48,2021-02-05
2602,1531,Business,1360344,9.57,60,2020-06-16
2603,986,Home,1724589,10.0,12,2024-05-14
2604,1641,Business,187793,11.51,18,2022-07-03
2605,1843,Home,1563540,14.7,36,2023-11-19
2606,152,Home,140638,13.23,36,2021-10-14
2607,23,Personal,1617750,14.55,36,2021-04-28
2608,277,Personal,751640,16.4,36,2024-08-07
2609,1441,Home,1554352,10.83,24,2021-03-19
2610,1773,Auto,575201,10.97,120,2024-01-07
2611,1881,Home,1389843,8.99,24,2021-06-09
2612,720,Personal,258820,16.53,18,2020-09-07
2613,1053,Business,853231,14.32,120,2024-12-14
2614,857,Home,1754441,13.28,36,2023-04-14
2615,1956,Home,232866,9.21,36,2022-01-19
2616,1473,Business,595276,9.65,60,2023-05-23
2617,862,Auto,762991,11.03,24,2024-07-29
2618,1,Home,164314,11.01,24,2022-04-09
2619,913,Business,927901,8.49,36,2021-01-16
2620,821,Personal,1727119,12.09,60,2024-07-17
2621,999,Personal,1290740,12.53,48,2024-05-11
2622,1472,Auto,652295,13.2,36,2021-10-30
2623,734,Auto,587598,8.14,48,2020-01-22
2624,1930,Personal,1469067,13.3,12,2020-02-20
2625,528,Home,1956590,16.34,12,2024-04-02
2626,147,Business,1662076,15.12,48,2020-10-15
2627,708,Auto,1176851,17.06,24,2023-02-18
2628,1019,Business,941360,11.82,24,2022-03-08
2629,345,Business,1946933,15.35,18,2021-06-13
2630,670,Business,339599,13.24,60,2021-06-21
2631,1721,Business,272455,8.5,48,2020-11-05
2632,1181,Business,1879759,17.34,36,2020-08-11
2633,1280,Auto,509974,14.57,60,2023-08-01
2634,176,Personal,1304863,14.51,18,2020-02-15
2635,160,Business,822168,14.92,12,2021-01-15
2636,1095,Personal,1789246,14.41,36,2021-10-04
2637,905,Personal,1398182,10.4,12,2023-10-11
2638,635,Auto,1175696,10.14,18,2020-12-25
2639,66,Personal,1766014,9.86,12,2024-09-17
2640,326,Home,1202739,11.15,48,2023-12-04
2641,1760,Personal,354500,14.58,36,2023-10-14
2642,859,Business,982178,13.15,24,2021-08-22
2643,1536,Personal,307503,14.18,24,2022-07-20
2644,804,Auto,1242126,9.98,60,2023-12-02
2645,1386,Personal,1609666,17.73,48,2024-07-21
2646,972,Personal,1590580,13.42,36,2021-01-13
2647,990,Home,231766,12.22,12,2020-01-25
2648,219,Business,575297,17.06,18,2020-10-07
2649,1144,Business,1941065,17.79,12,2023-05-18
2650,307,Business,519827,13.46,36,2020-05-29
2651,522,Personal,1072443,11.45,60,2022-02-20
2652,314,Business,1606937,13.3,120,2023-03-01
2653,618,Auto,1115921,13.64,36,2021-07-01
2654,601,Personal,1323603,14.96,18,2021-05-18
2655,1899,Business,120875,13.98,60,2022-04-06
2656,643,Home,1253438,13.27,24,2023-11-06
2657,410,Auto,1663636,13.25,60,2021-06-04
2658,740,Home,798502,14.85,18,2022-02-03
2659,949,Home,1896981,16.19,60,2024-03-06
2660,1309,Personal,818941,9.71,48,2023-09-14
2661,1104,Auto,1960995,10.02,12,2024-08-21
2662,1005,Auto,247716,13.6,48,2022-03-08
2663,1307,Business,756686,10.53,120,2020-12-10
2664,287,Business,541833,8.27,60,2022-12-09
2665,1058,Personal,615124,16.87,36,2023-05-21
2666,233,Business,139779,12.29,36,2021-02-28
2667,1246,Business,577403,15.25,18,2024-01-21
2668,762,Business,1436979,10.52,60,2021-11-22
2669,173,Auto,1693407,15.13,24,2020-08-19
2670,1582,Personal,1971305,17.76,36,2024-09-12
2671,1843,Auto,705748,9.89,24,2024-08-02
2672,1058,Auto,1920640,8.93,120,2020-03-23
2673,88,Auto,768357,8.89,18,2024-08-23
2674,1771,Business,405729,8.15,18,2021-06-26
2675,424,Home,323753,8.75,36,2023-09-03
2676,404,Personal,994650,17.08,24,2020-10-19
2677,784,Auto,800304,14.54,12,2020-06-13
2678,840,Business,761703,17.55,36,2024-04-20
2679,1577,Home,1260150,12.91,48,2020-02-27
2680,976,Personal,493911,17.95,48,2023-03-21
2681,169,Business,204014,15.63,12,2024-04-15
2682,377,Personal,1571714,10.99,24,2023-04-10
2683,1350,Home,690849,16.92,12,2023-05-07
2684,1470,Business,751478,10.74,120,2021-09-10
2685,1011,Business,1968255,11.77,36,2020-08-26
2686,695,Home,654240,9.41,36,2023-03-13
2687,1804,Auto,1216240,10.4,48,2021-12-13
2688,1117,Business,1400672,11.44,48,2020-09-06
2689,1060,Business,1355728,17.24,24,2024-09-21
2690,1629,Home,162746,10.88,60,2020-11-21
2691,298,Personal,744243,10.46,12,2020-05-21
2692,19,Auto,1446228,12.02,60,2021-08-24
2693,728,Home,1831922,12.3,12,2022-08-07
2694,1309,Home,1559379,10.58,120,2023-05-24
2695,403,Personal,496330,14.89,120,2020-08-05
2696,931,Auto,1639038,11.05,60,2021-03-20
2697,304,Auto,553808,11.23,36,2020-09-06
2698,268,Personal,963949,14.4,24,2024-11-29
2699,1737,Home,1788831,8.02,12,2020-09-24
2700,92,Personal,1712223,11.92,48,2021-10-06
2701,4,Business,1016551,14.65,60,2021-04-24
2702,1199,Home,1994069,9.82,18,2024-09-08
2703,630,Business,407915,15.38,120,2023-12-22
2704,1091,Business,411186,14.28,48,2023-11-24
2705,1825,Personal,534932,15.77,60,2023-05-30
2706,1665,Personal,1653248,17.64,120,2022-12-12
2707,1192,Home,128774,13.23,12,2021-03-31
2708,966,Personal,376961,13.97,48,2022-02-01
2709,1007,Home,1037893,9.71,36,2024-11-25
2710,1183,Business,1657876,14.63,18,2020-11-21
2711,1186,Home,1976905,16.28,24,2021-12-11
2712,1470,Personal,206195,8.67,12,2020-06-15
2713,59,Auto,317466,16.24,48,2022-04-25
2714,1251,Home,1415169,8.47,120,2022-10-27
2715,1932,Auto,1784066,13.08,18,2023-10-07
2716,1536,Auto,442001,16.4,24,2022-12-31
2717,118,Home,537090,15.49,120,2024-04-20
2718,653,Personal,1432497,15.55,12,2020-09-14
2719,646,Business,1935911,14.18,36,2022-02-24
2720,1095,Business,228722,9.46,24,2023-08-02
2721,760,Business,111841,13.13,36,2022-01-23
2722,1082,Auto,62564,13.23,60,2022-08-12
2723,72,Auto,1792160,8.84,60,2022-04-17
2724,1850,Personal,1580603,13.67,48,2021-09-08
2725,1496,Business,1071373,9.14,60,2022-10-14
2726,1240,Personal,1045443,8.53,48,2023-02-22
2727,1088,Home,1797052,10.9,12,2020-10-22
2728,127,Auto,1028707,9.64,24,2022-02-03
2729,1081,Personal,1775787,9.12,120,2021-01-04
2730,1362,Home,962201,16.74,120,2021-02-28
2731,1685,Auto,199889,8.58,12,2022-10-03
2732,1118,Personal,58398,15.52,48,2024-04-02
2733,1664,Business,519209,8.88,60,2023-03-01
2734,518,Auto,1287509,17.67,12,2023-11-08
2735,34,Personal,1910228,14.84,36,2021-11-19
2736,1458,Home,194504,9.58,36,2021-08-28
2737,634,Business,1428054,8.16,48,2020-10-12
2738,1856,Home,1320183,9.46,24,2024-02-09
2739,459,Personal,598400,10.49,12,2022-11-18
2740,809,Auto,1108456,13.15,120,2023-03-29
2741,1811,Auto,334960,8.95,120,2021-04-16
2742,1876,Auto,561972,12.17,60,2021-04-03
2743,1946,Home,1237803,12.54,18,2024-02-12
2744,1304,Auto,760170,10.27,120,2022-10-18
2745,1975,Home,1819920,9.9,48,2020-02-19
2746,1359,Home,288363,15.49,48,2023-04-15
2747,741,Personal,1983538,8.62,18,2023-05-22
2748,1246,Business,184012,14.43,24,2024-07-17
2749,321,Business,351625,11.71,12,2023-10-12
2750,690,Auto,170497,17.53,60,2023-01-18
2751,1085,Business,1847493,12.74,24,2022-04-14
2752,1130,Business,1150517,11.43,48,2023-07-05
2753,7,Auto,1973915,13.98,12,2022-05-20
2754,1580,Home,822913,12.1,120,2022-01-31
2755,1607,Auto,878732,13.96,120,2022-10-18
2756,783,Auto,1523911,17.02,48,2022-11-04
2757,1764,Home,1876248,10.56,12,2021-02-08
2758,674,Home,493836,14.7,60,2020-01-18
2759,1256,Personal,576569,11.06,48,2024-05-14
2760,111,Business,1653207,12.7,24,2023-11-20
2761,1497,Auto,1655509,17.39,48,2020-11-08
2762,1016,Auto,743696,16.95,120,2022-08-21
2763,621,Auto,679283,17.16,48,2020-04-06
2764,1909,Personal,1442239,15.97,36,2022-09-08
2765,1119,Home,873487,15.64,36,2024-01-02
2766,34,Home,1684476,8.03,120,2023-04-09
2767,105,Business,1908329,17.08,12,2021-03-11
2768,867,Personal,913458,16.45,18,2024-05-02
2769,1288,Personal,1222998,9.6,12,2024-08-31
2770,616,Business,1204111,17.65,18,2020-05-01
2771,704,Business,1866531,13.42,24,2024-10-24
2772,991,Business,744989,9.82,18,2021-07-20
2773,521,Business,296731,10.27,12,2024-10-28
2774,1805,Personal,1393769,9.75,48,2020-06-09
2775,1373,Auto,159532,12.02,60,2024-06-09
2776,835,Home,439060,13.25,12,2024-04-22
2777,222,Business,624096,9.28,18,2023-09-15
2778,419,Home,523441,12.44,24,2022-05-03
2779,958,Home,1001687,12.25,120,2021-09-21
2780,832,Home,552962,15.72,24,2023-01-01
2781,1713,Business,1471356,8.9,12,2022-05-29
2782,560,Personal,1598157,12.44,36,2020-10-28
2783,1273,Auto,613873,14.71,24,2023-03-01
2784,1601,Auto,1228190,17.74,18,2023-04-02
2785,268,Personal,1675256,13.75,36,2021-04-12
2786,71,Personal,545663,12.88,48,2023-07-06
2787,709,Home,1895057,15.89,60,2024-04-20
2788,285,Home,417020,17.69,36,2024-02-23
2789,1530,Business,783137,12.84,18,2021-01-11
2790,1901,Home,1017310,15.83,12,2022-05-30
2791,846,Home,1017187,16.18,36,2021-09-29
2792,567,Business,1138833,8.04,18,2021-06-05
2793,521,Personal,215294,11.84,36,2022-06-08
2794,94,Auto,912052,12.94,12,2022-11-23
2795,1479,Auto,1128174,15.83,120,2023-10-23
2796,1261,Home,333794,14.62,18,2022-04-20
2797,1478,Business,1029171,16.8,60,2022-03-17
2798,301,Business,1420898,10.73,48,2020-08-11
2799,388,Auto,740461,14.0,18,2024-12-18
2800,1962,Auto,1531717,14.64,12,2023-10-03
2801,597,Personal,820339,11.29,24,2021-12-17
2802,1197,Business,1310890,8.56,24,2023-04-06
2803,1081,Auto,437263,11.03,48,2021-12-23
2804,246,Home,1521830,11.4,120,2021-04-11
2805,489,Auto,1766681,11.49,24,2022-12-06
2806,538,Business,1764532,16.31,12,2020-12-10
2807,671,Auto,743193,10.28,36,2021-09-02
2808,1858,Auto,1746783,14.48,60,2024-12-18
2809,715,Auto,551686,16.33,24,2020-02-25
2810,361,Auto,1117646,9.46,24,2023-07-08
2811,1133,Personal,1718626,17.31,36,2024-07-30
2812,1713,Personal,643912,11.17,120,2022-11-24
2813,1035,Home,194986,17.75,18,2024-02-09
2814,186,Home,932405,11.3,24,2024-06-15
2815,1294,Home,1753636,16.31,36,2024-06-30
2816,1448,Home,1285546,12.77,24,2022-04-06
2817,412,Auto,1185820,11.48,18,2020-11-12
2818,792,Personal,128875,12.47,12,2020-09-26
2819,494,Personal,1803995,8.97,60,2021-10-19
2820,293,Auto,741729,16.81,60,2022-04-24
2821,1250,Personal,1439513,10.64,24,2021-06-17
2822,1310,Personal,1921179,12.73,48,2022-12-10
2823,1096,Personal,1670360,16.98,36,2022-06-26
2824,1125,Home,384310,11.89,120,2023-03-15
2825,1102,Personal,513339,11.59,36,2021-03-07
2826,968,Personal,204504,14.68,12,2021-08-16
2827,268,Auto,1995503,10.83,60,2021-02-16
2828,721,Auto,1717906,11.21,36,2023-10-20
2829,465,Auto,1692922,12.96,12,2023-05-08
2830,1799,Home,265733,9.16,60,2020-02-25
2831,1217,Personal,1951572,10.37,120,2020-12-20
2832,1081,Home,1817109,9.41,120,2023-09-03
2833,1282,Auto,684129,15.05,120,2020-07-25
2834,1599,Business,1857556,14.94,48,2024-03-03
2835,1167,Auto,860135,16.18,24,2020-05-07
2836,928,Home,949628,16.05,18,2021-06-09
2837,1855,Business,1644851,13.42,60,2021-02-23
2838,1282,Home,297058,14.29,24,2024-10-04
2839,1371,Business,444835,10.87,60,2022-03-09
2840,1360,Business,372993,15.5,48,2023-02-14
2841,1322,Home,1720848,8.53,48,2024-08-06
2842,1023,Auto,734734,14.16,18,2020-08-25
2843,379,Auto,231049,12.12,48,2021-04-13
2844,1563,Home,1523042,8.1,48,2022-04-30
2845,442,Home,983732,8.71,60,2021-10-22
2846,1857,Business,1365497,10.97,60,2020-10-31
2847,1593,Auto,1088450,8.94,18,2022-06-17
2848,1740,Personal,1775206,14.4,48,2022-01-30
2849,1281,Personal,1831391,12.18,36,2022-10-01
2850,1452,Auto,1020100,12.41,24,2020-07-12
2851,1582,Home,883609,12.88,24,2021-04-21
2852,759,Personal,1443191,14.46,60,2023-03-12
2853,1336,Auto,1601992,16.27,120,2023-02-01
2854,1249,Personal,384947,9.48,36,2024-02-14
2855,63,Home,1133046,12.1,36,2024-03-01
2856,417,Business,1597804,10.41,60,2021-02-27
2857,565,Home,1285157,11.45,18,2020-07-05
2858,1395,Auto,625165,11.09,48,2021-09-19
2859,551,Business,1597177,8.98,24,2021-04-11
2860,648,Auto,436079,11.0,18,2023-11-17
2861,31,Auto,1018131,9.26,60,2022-06-22
2862,1379,Auto,406177,9.81,60,2024-10-12
2863,1723,Auto,486035,12.5,48,2020-04-02
2864,1927,Auto,1587174,17.78,60,2022-12-30
2865,1109,Personal,1161833,12.04,36,2022-04-12
2866,1862,Home,381622,17.56,12,2023-04-04
2867,72,Auto,1586586,9.37,18,2022-10-16
2868,1500,Home,884029,16.82,18,2024-05-14
2869,1620,Personal,817159,9.97,36,2021-06-02
2870,1386,Personal,1893230,17.44,36,2024-03-28
2871,844,Home,495085,15.36,60,2020-12-17
2872,1877,Personal,1276343,11.21,18,2022-06-17
2873,1715,Auto,235993,12.96,36,2023-05-27
2874,713,Business,1500650,13.73,48,2023-06-02
2875,885,Business,557087,11.0,36,2020-04-20
2876,590,Personal,654186,14.36,60,2022-05-19
2877,304,Auto,920925,8.47,48,2022-01-08
2878,1183,Home,1974313,17.97,60,2021-11-15
2879,773,Personal,1787554,11.95,60,2022-09-30
2880,835,Personal,1143476,9.93,48,2024-08-29
2881,1159,Auto,798348,9.23,120,2021-06-16
2882,1610,Business,520969,11.86,60,2021-03-26
2883,267,Business,1625731,15.27,18,2020-05-19
2884,24,Home,1878955,15.92,18,2024-10-30
2885,978,Personal,1523708,8.89,36,2024-08-09
2886,107,Business,694056,9.97,60,2021-08-02
2887,1476,Personal,1760869,16.25,60,2022-06-18
2888,669,Personal,1152596,9.3,60,2024-04-14
2889,1160,Personal,1807952,12.03,120,2022-12-17
2890,845,Auto,1393573,10.8,48,2020-01-30
2891,97,Business,1162912,12.27,120,2020-04-29
2892,1117,Personal,1077409,17.8,12,2021-11-01
2893,1837,Auto,1046763,8.71,60,2021-04-14
2894,1989,Auto,1959467,16.51,60,2023-05-19
2895,1373,Home,1831419,12.9,60,2021-09-17
2896,1449,Auto,1959957,14.61,36,2022-08-17
2897,470,Home,548382,12.13,36,2020-04-09
2898,1973,Home,156679,17.83,60,2020-09-12
2899,239,Business,1402830,8.43,12,2024-03-03
2900,1088,Personal,1499000,9.6,36,2022-11-20
2901,934,Auto,1787071,15.01,48,2020-02-04
2902,1621,Personal,602706,15.13,120,2024-09-06
2903,1776,Auto,171159,12.96,120,2021-12-24
2904,443,Auto,1625571,13.12,48,2023-04-18
2905,111,Business,762424,12.9,18,2020-07-24
2906,332,Personal,928706,12.68,12,2020-09-12
2907,1342,Auto,1826625,12.69,24,2020-08-23
2908,907,Home,1215436,9.29,60,2022-01-20
2909,1847,Business,1120493,10.28,120,2021-03-28
2910,1355,Business,1296965,15.52,48,2022-12-30
2911,1217,Business,547871,14.79,60,2023-09-22
2912,975,Business,410123,11.42,120,2024-09-22
2913,798,Personal,1114945,8.91,120,2023-08-28
2914,1616,Business,1001470,14.93,60,2023-07-26
2915,1118,Home,305655,15.86,48,2021-09-06
2916,803,Business,646925,17.01,18,2023-08-20
2917,950,Personal,1556225,16.39,18,2021-10-16
2918,479,Home,1272903,14.72,120,2020-04-15
2919,1811,Home,337366,10.4,12,2020-11-17
2920,1512,Home,1132885,13.4,36,2022-12-08
2921,1009,Business,946655,14.22,24,2020-05-17
2922,576,Home,1136291,12.83,48,2023-12-21
2923,761,Home,1555988,16.58,24,2024-03-02
2924,352,Home,649848,15.21,24,2024-03-31
2925,305,Personal,1234601,8.7,36,2021-03-06
2926,1489,Business,1749096,8.98,48,2021-07-14
2927,1545,Home,392029,16.18,12,2023-12-06
2928,1673,Home,52873,12.21,48,2023-05-04
2929,833,Auto,970203,11.07,36,2024-09-01
2930,1817,Personal,805155,10.73,24,2023-12-17
2931,1039,Home,1127822,8.4,48,2024-08-27
2932,407,Home,760067,17.77,36,2021-06-11
2933,1533,Business,1082122,15.58,36,2021-09-27
2934,1133,Auto,1430347,9.27,60,2024-08-31
2935,207,Auto,1910065,8.83,120,2020-11-23
2936,933,Auto,1453682,12.73,18,2020-07-17
2937,234,Business,1669445,14.14,12,2022-08-16
2938,1292,Auto,1524611,10.01,48,2023-10-04
2939,1468,Personal,364919,14.66,60,2022-09-03
2940,1814,Auto,1996104,16.11,12,2022-01-03
2941,1589,Home,1464363,9.84,60,2024-04-09
2942,1464,Home,1252208,9.55,36,2020-12-26
2943,1331,Auto,1842532,17.47,18,2022-06-01
2944,81,Auto,1195891,14.59,120,2021-08-10
2945,377,Personal,640317,8.59,48,2021-12-08
2946,1295,Business,722591,16.02,24,2020-07-19
2947,548,Auto,1559562,12.94,60,2020-12-17
2948,1219,Personal,988856,14.06,120,2020-12-12
2949,1910,Home,1118927,16.41,120,2021-01-27
2950,1504,Personal,1801742,17.94,48,2022-03-04
2951,1099,Home,1612469,16.8,120,2024-04-05
2952,1585,Home,1854304,10.44,48,2023-06-16
2953,1322,Personal,223999,16.86,60,2022-03-09
2954,870,Home,1412142,12.67,60,2021-02-21
2955,1592,Personal,787018,9.0,60,2021-12-26
2956,1959,Personal,1495718,9.55,60,2021-09-27
2957,1631,Auto,120839,15.61,36,2022-07-11
2958,474,Personal,519947,17.28,24,2022-03-06
2959,1917,Business,1719387,10.73,60,2020-05-27
2960,895,Auto,1172215,15.92,24,2022-04-25
2961,1306,Business,460424,17.87,36,2023-01-07
2962,1740,Home,1442753,15.47,12,2022-09-08
2963,1184,Auto,1793711,14.9,36,2024-11-06
2964,1131,Auto,164978,14.25,36,2020-04-28
2965,831,Business,1354830,8.23,12,2024-10-10
2966,1604,Business,1629579,15.14,48,2023-10-18
2967,625,Personal,1948134,14.01,60,2021-06-28
2968,625,Business,342098,9.63,36,2024-02-21
2969,266,Business,518126,10.73,24,2021-04-03
2970,289,Personal,954687,8.92,24,2022-11-20
2971,370,Auto,1336780,17.26,48,2024-03-23
2972,7,Business,1973011,8.09,24,2023-02-20
2973,1998,Home,1320739,13.76,48,2024-01-11
2974,562,Business,1274605,10.3,36,2023-06-17
2975,1303,Personal,1885953,11.39,24,2024-06-29
2976,1681,Personal,965957,11.95,24,2021-09-11
2977,997,Home,1665662,10.55,120,2020-04-04
2978,1279,Home,316388,8.72,36,2021-12-03
2979,819,Personal,1161897,17.06,60,2022-05-08
2980,6,Business,991374,12.66,60,2020-12-10
2981,1431,Personal,1420906,11.05,18,2023-03-21
2982,1153,Business,817847,13.45,24,2020-12-18
2983,1771,Personal,1521732,9.18,24,2020-03-26
2984,219,Business,185972,12.55,12,2022-01-23
2985,434,Business,411426,13.99,12,2020-04-28
2986,993,Personal,1033414,16.89,24,2024-03-15
2987,854,Personal,88656,11.79,60,2022-09-26
2988,612,Home,679822,16.62,36,2024-12-13
2989,1844,Home,117290,16.68,120,2024-12-15
2990,1014,Home,306809,16.27,60,2024-02-17
2991,455,Personal,968124,10.83,120,2022-08-05
2992,1482,Auto,1238957,17.24,120,2022-04-09
2993,1121,Home,1358396,15.88,60,2021-08-26
2994,119,Personal,1140417,17.26,24,2023-07-23
2995,912,Personal,1785807,17.76,120,2022-08-30
2996,1491,Business,380520,15.55,120,2022-06-07
2997,1288,Home,1889872,16.97,60,2022-05-08
2998,565,Business,1447993,13.02,18,2022-09-24
2999,298,Home,1623276,16.75,60,2022-10-27
3000,430,Auto,1693146,13.61,18,2021-04-27
