5001,2452,2022-02-09,14902,2022-02-04,Missed
5002,2274,2020-05-22,3002,2020-05-21,Late
5003,1499,2023-03-25,8989,2023-03-18,On-Time
5004,2151,2021-03-05,16644,2021-02-23,Late
5005,2318,2023-05-12,5352,2023-05-12,Late
5006,2029,2023-11-10,20934,2023-11-04,Missed
5007,1248,2021-10-03,21771,2021-10-06,On-Time
5008,1407,2022-05-18,10555,2022-05-12,On-Time
5009,2735,2024-12-22,18206,2024-12-19,Missed
5010,1030,2020-03-12,23078,2020-03-03,Late
5011,1331,2022-07-27,17130,2022-07-25,Missed
5012,2649,2020-02-02,8396,2020-01-25,Late
5013,1607,2020-06-25,24009,2020-06-21,On-Time
5014,1539,2024-01-07,23012,2024-01-03,Missed
5015,1166,2022-08-31,17177,2022-08-22,On-Time
5016,2712,2020-05-19,12257,2020-05-11,Missed
5017,1972,2020-01-28,10097,2020-01-19,On-Time
5018,2618,2022-10-14,11368,2022-10-15,Missed
5019,2946,2020-08-11,10358,2020-08-01,Late
5020,1916,2023-05-29,9108,2023-05-28,Missed
5021,2111,2024-12-16,15821,2024-12-14,Late
5022,2575,2020-05-22,9109,2020-05-16,Missed
5023,2722,2021-10-21,12869,2021-10-15,Missed
5024,2051,2021-12-13,2034,2021-12-09,Late
5025,1759,2021-03-03,23046,2021-03-02,Late
5026,2994,2020-09-01,6276,2020-08-26,On-Time
5027,1907,2022-02-02,16828,2022-01-28,On-Time
5028,2650,2023-02-17,15865,2023-02-14,On-Time
5029,2561,2023-11-22,13284,2023-11-21,On-Time
5030,2549,2023-08-26,7440,2023-08-28,Late
5031,1994,2021-03-11,2406,2021-03-12,On-Time
5032,2921,2023-05-20,20914,2023-05-16,On-Time
5033,2884,2020-05-13,13236,2020-05-10,On-Time
5034,2553,2021-03-04,16023,2021-03-05,Late
5035,1274,2021-06-03,24701,2021-05-31,Late
5036,2651,2021-01-08,4287,2021-01-04,Late
5037,1323,2024-08-13,17161,2024-08-10,Late
5038,1714,2022-01-21,5916,2022-01-23,On-Time
5039,1934,2023-10-17,9268,2023-10-13,Missed
5040,2836,2021-07-23,12258,2021-07-22,Missed
5041,2752,2020-05-31,9092,2020-05-21,Late
5042,1958,2022-08-15,7428,2022-08-10,Late
5043,1485,2020-01-14,16894,2020-01-13,Missed
5044,2500,2023-02-13,13758,2023-02-04,Missed
5045,2565,2021-09-09,22476,2021-09-05,Late
5046,2959,2020-06-20,21179,2020-06-16,Late
5047,2520,2021-08-16,16826,2021-08-17,On-Time
5048,1967,2024-03-11,10662,2024-03-10,On-Time
5049,1437,2020-03-31,2459,2020-04-03,Missed
5050,1525,2020-02-15,12405,2020-02-15,On-Time
5051,1394,2020-09-26,23620,2020-09-24,On-Time
5052,2301,2020-11-26,8280,2020-11-27,Missed
5053,2288,2024-06-29,15473,2024-06-23,On-Time
5054,2627,2022-02-19,9387,2022-02-16,On-Time
5055,1301,2021-03-09,17445,2021-03-08,On-Time
5056,1686,2024-10-10,9241,2024-10-06,On-Time
5057,2065,2021-07-28,6602,2021-07-31,Missed
5058,1093,2024-12-25,14304,2024-12-19,Late
5059,2777,2024-12-31,3236,2024-12-26,On-Time
5060,1357,2024-11-01,24272,2024-11-01,Late
5061,1940,2023-12-17,7480,2023-12-18,Late
5062,2500,2021-10-15,23844,2021-10-16,Missed
5063,2880,2024-03-18,9738,2024-03-08,On-Time
5064,1823,2020-01-04,23842,2020-01-01,Late
5065,1311,2020-10-22,21397,2020-10-23,On-Time
5066,1987,2020-03-09,12853,2020-03-05,Missed
5067,1652,2021-09-28,24854,2021-10-01,Missed
5068,2904,2021-11-01,21621,2021-11-02,Missed
5069,2845,2024-09-11,2884,2024-09-12,Missed
5070,2132,2023-10-24,15926,2023-10-14,On-Time
5071,1718,2020-01-30,12590,2020-01-22,On-Time
5072,2838,2021-09-13,18302,2021-09-12,On-Time
5073,1031,2024-10-08,24555,2024-10-06,On-Time
5074,2861,2024-03-29,18254,2024-03-28,On-Time
5075,1821,2020-11-13,23239,2020-11-12,On-Time
5076,2013,2023-02-22,10305,2023-02-19,On-Time
5077,1796,2022-02-05,7643,2022-01-29,Late
5078,1465,2020-04-08,15486,2020-04-03,On-Time
5079,2982,2022-12-17,2444,2022-12-14,On-Time
5080,1388,2024-07-22,22854,2024-07-25,Missed
5081,1369,2021-03-17,8118,2021-03-10,Missed
5082,1639,2021-08-30,12738,2021-09-01,Missed
5083,1586,2022-05-01,19975,2022-04-24,Missed
5084,2280,2020-05-08,5986,2020-05-09,Missed
5085,2328,2023-01-09,9456,2023-01-07,Late
5086,1263,2020-10-09,23638,2020-09-29,Missed
5087,1346,2021-11-28,7900,2021-11-23,Late
5088,2678,2023-08-17,14409,2023-08-17,Missed
5089,1682,2024-07-29,16903,2024-07-29,Missed
5090,1880,2024-07-12,11863,2024-07-15,Late
5091,2656,2021-08-12,12611,2021-08-13,Missed
5092,1305,2024-04-17,2351,2024-04-20,On-Time
5093,2351,2023-12-15,16730,2023-12-17,On-Time
5094,1474,2020-12-09,22566,2020-12-05,Late
5095,1681,2022-05-24,9318,2022-05-23,On-Time
5096,2069,2024-02-13,7704,2024-02-04,On-Time
5097,1072,2024-08-31,8346,2024-08-21,Late
5098,1175,2021-10-16,11418,2021-10-12,On-Time
5099,2526,2020-12-03,7295,2020-12-03,On-Time
5100,1112,2023-07-03,2590,2023-06-30,Missed
5101,1312,2022-05-06,4481,2022-05-03,Missed
5102,2245,2023-09-12,7885,2023-09-10,Missed
5103,1656,2021-07-12,6650,2021-07-12,Missed
5104,2180,2021-04-21,5982,2021-04-19,On-Time
5105,1423,2022-12-06,8363,2022-11-26,Late
5106,1143,2024-08-19,8296,2024-08-21,Late
5107,2064,2021-02-05,13806,2021-02-08,On-Time
5108,1306,2021-01-07,15745,2021-01-01,On-Time
5109,1667,2024-09-04,15405,2024-09-03,Late
5110,1019,2020-12-31,23031,2020-12-22,Missed
5111,1291,2023-04-15,17132,2023-04-08,On-Time
5112,1198,2023-11-10,10797,2023-11-09,Missed
5113,1083,2023-11-17,20097,2023-11-09,Late
5114,1348,2021-01-26,13702,2021-01-19,Missed
5115,1916,2023-05-14,7605,2023-05-10,On-Time
5116,1104,2023-05-25,2459,2023-05-16,Late
5117,2875,2023-03-31,14879,2023-03-31,Late
5118,1701,2024-06-24,2066,2024-06-26,Late
5119,1224,2022-12-18,23042,2022-12-11,Missed
5120,1467,2023-03-13,19770,2023-03-13,Missed
5121,1492,2021-11-16,12572,2021-11-16,On-Time
5122,1760,2023-08-07,16076,2023-07-30,On-Time
5123,2166,2024-04-05,14916,2024-03-29,Late
5124,1652,2020-03-14,2888,2020-03-11,Missed
5125,2235,2023-08-16,17624,2023-08-06,Late
5126,1380,2022-03-23,4156,2022-03-25,Missed
5127,1389,2021-07-12,9452,2021-07-08,Late
5128,1551,2022-06-19,20892,2022-06-19,Late
5129,1475,2022-04-28,9832,2022-04-19,On-Time
5130,2853,2021-05-20,9617,2021-05-14,On-Time
5131,2409,2022-06-03,4199,2022-05-31,Missed
5132,1758,2020-01-23,16894,2020-01-19,On-Time
5133,1130,2021-08-19,23125,2021-08-09,Late
5134,2743,2022-02-04,19260,2022-02-06,On-Time
5135,1169,2022-09-24,10327,2022-09-16,Missed
5136,2752,2023-05-11,18563,2023-05-06,Late
5137,1294,2023-06-09,8879,2023-05-30,Missed
5138,2023,2024-04-02,24437,2024-04-02,On-Time
5139,1339,2024-04-14,18690,2024-04-09,Late
5140,1389,2024-12-16,24510,2024-12-17,On-Time
5141,2682,2020-09-09,4718,2020-08-31,On-Time
5142,2672,2022-06-23,5520,2022-06-26,On-Time
5143,1512,2022-01-20,21417,2022-01-11,Missed
5144,1601,2023-08-10,19444,2023-08-07,On-Time
5145,1667,2020-03-26,13399,2020-03-20,Late
5146,2856,2024-11-11,12603,2024-11-02,Late
5147,2326,2020-05-25,12498,2020-05-25,Late
5148,1471,2021-09-03,2367,2021-08-27,Missed
5149,1374,2022-11-06,16570,2022-11-07,Late
5150,2706,2024-11-11,21960,2024-11-10,Late
5151,1869,2022-12-22,19506,2022-12-18,On-Time
5152,2141,2023-12-03,13988,2023-12-01,Late
5153,2990,2020-07-04,11272,2020-07-03,Missed
5154,1655,2023-04-18,7380,2023-04-15,Late
5155,2432,2024-10-28,16782,2024-10-20,Late
5156,2140,2020-07-28,22593,2020-07-21,Late
5157,2837,2020-07-14,2384,2020-07-08,Missed
5158,1701,2020-07-02,16118,2020-06-24,Late
5159,2402,2023-03-14,20698,2023-03-09,Late
5160,1661,2020-12-03,8143,2020-11-30,Missed
5161,1705,2022-03-05,12904,2022-03-04,Missed
5162,2406,2022-09-28,12518,2022-09-21,On-Time
5163,1259,2022-11-06,10658,2022-11-01,On-Time
5164,1377,2024-11-08,15423,2024-11-06,On-Time
5165,2561,2022-06-15,2323,2022-06-09,Late
5166,1825,2023-09-29,8671,2023-09-26,Late
5167,2477,2024-10-15,17653,2024-10-07,Late
5168,2505,2022-09-18,14088,2022-09-15,Missed
5169,2087,2024-02-25,11013,2024-02-15,Late
5170,2830,2021-10-26,14782,2021-10-28,Missed
5171,2313,2022-12-21,18724,2022-12-13,On-Time
5172,2625,2022-09-14,3187,2022-09-11,On-Time
5173,2895,2020-07-18,6666,2020-07-20,On-Time
5174,2110,2021-04-05,12601,2021-04-05,Late
5175,1061,2023-04-25,19983,2023-04-25,Late
5176,1583,2022-06-10,15868,2022-06-11,Missed
5177,1358,2021-07-07,18479,2021-07-10,Missed
5178,1282,2023-10-19,24991,2023-10-15,Missed
5179,1412,2024-08-31,18455,2024-08-31,Missed
5180,1465,2022-03-21,3723,2022-03-12,Missed
5181,1639,2024-04-27,14044,2024-04-26,Missed
5182,2929,2020-12-17,22655,2020-12-10,On-Time
5183,2709,2021-05-18,17593,2021-05-20,On-Time
5184,1072,2024-03-18,14899,2024-03-12,Missed
5185,1847,2024-11-09,22413,2024-11-05,Missed
5186,1466,2024-03-31,2060,2024-03-26,Late
5187,2341,2021-02-18,8505,2021-02-16,Missed
5188,2708,2023-08-16,18761,2023-08-06,Late
5189,2259,2023-03-24,14865,2023-03-22,Late
5190,2971,2021-09-14,5783,2021-09-06,Missed
5191,1255,2024-06-30,9735,2024-06-20,Late
5192,1423,2023-04-14,21912,2023-04-15,On-Time
5193,1586,2021-03-14,23805,2021-03-09,On-Time
5194,2165,2021-10-17,7147,2021-10-18,On-Time
5195,2018,2023-10-21,7637,2023-10-24,On-Time
5196,1520,2021-11-30,15529,2021-11-26,Late
5197,2454,2021-06-25,16150,2021-06-28,Missed
5198,2611,2022-01-27,21519,2022-01-26,Late
5199,2507,2023-07-28,18596,2023-07-19,Late
5200,1328,2020-01-12,18048,2020-01-04,Late
5201,1644,2022-07-15,19903,2022-07-05,On-Time
5202,2157,2024-02-20,8214,2024-02-14,On-Time
5203,1407,2020-06-27,21358,2020-06-23,On-Time
5204,2746,2022-01-21,13961,2022-01-24,Late
5205,1576,2023-07-05,12810,2023-06-30,On-Time
5206,1384,2020-04-16,24275,2020-04-19,Missed
5207,2744,2021-04-06,7108,2021-04-09,On-Time
5208,2652,2024-07-13,18406,2024-07-03,On-Time
5209,2559,2020-10-03,16562,2020-10-03,Missed
5210,2776,2020-04-26,13818,2020-04-17,Missed
5211,1625,2022-02-18,20757,2022-02-18,On-Time
5212,2690,2020-06-13,5858,2020-06-07,Late
5213,2655,2023-04-21,22099,2023-04-15,On-Time
5214,1940,2020-01-08,24560,2020-01-08,Missed
5215,2254,2020-09-07,11847,2020-09-09,Missed
5216,2277,2021-03-18,15613,2021-03-08,Late
5217,1168,2024-07-18,19374,2024-07-08,On-Time
5218,1591,2023-01-02,4312,2022-12-23,Missed
5219,1455,2024-01-03,18485,2024-01-02,Late
5220,1889,2022-09-03,6759,2022-09-03,Late
5221,2971,2023-02-11,12528,2023-02-14,Missed
5222,2132,2020-01-24,21057,2020-01-16,Late
5223,2355,2024-08-05,16694,2024-08-06,Missed
5224,1162,2021-03-11,2280,2021-03-01,Late
5225,2447,2023-07-13,24837,2023-07-12,Late
5226,2452,2024-08-14,13238,2024-08-13,On-Time
5227,2183,2024-08-11,21944,2024-08-09,On-Time
5228,2517,2020-11-05,24114,2020-10-30,On-Time
5229,2927,2023-10-24,8269,2023-10-24,Late
5230,2509,2021-03-30,7966,2021-04-02,On-Time
5231,2844,2022-11-30,19006,2022-11-24,On-Time
5232,2011,2020-05-22,18653,2020-05-15,On-Time
5233,1986,2024-12-19,22943,2024-12-09,On-Time
5234,2562,2020-11-12,3616,2020-11-13,On-Time
5235,1110,2021-08-27,21753,2021-08-27,On-Time
5236,1867,2023-03-16,2010,2023-03-06,Missed
5237,1769,2021-05-18,4358,2021-05-10,On-Time
5238,1496,2022-03-29,7622,2022-03-26,Late
5239,2546,2023-10-30,19444,2023-11-01,Late
5240,1323,2022-06-05,20497,2022-05-30,Late
5241,1986,2024-11-30,7163,2024-12-01,Missed
5242,2710,2024-05-19,3369,2024-05-15,Missed
5243,2399,2021-04-18,15290,2021-04-14,Missed
5244,1768,2024-07-25,24008,2024-07-16,Late
5245,1379,2021-01-08,2353,2020-12-30,Late
5246,1539,2023-10-20,9395,2023-10-20,Missed
5247,1867,2023-04-23,15822,2023-04-23,Late
5248,2841,2024-01-22,14804,2024-01-17,Late
5249,1057,2024-11-16,19506,2024-11-08,Missed
5250,1508,2021-10-19,7121,2021-10-22,Late
5251,1847,2022-08-01,17424,2022-07-30,Late
5252,2075,2020-02-27,13305,2020-02-27,On-Time
5253,1986,2023-10-09,16818,2023-10-05,On-Time
5254,2568,2020-05-17,17590,2020-05-17,On-Time
5255,1766,2024-04-14,6531,2024-04-09,Late
5256,2582,2023-12-31,21239,2023-12-24,Late
5257,2287,2021-08-06,2196,2021-08-04,Missed
5258,2821,2021-07-05,18748,2021-07-01,Missed
5259,1101,2024-03-04,2717,2024-03-02,Late
5260,2767,2021-02-20,16007,2021-02-14,Late
5261,1549,2022-07-14,5465,2022-07-17,On-Time
5262,1128,2020-12-23,13715,2020-12-13,Missed
5263,1828,2023-02-21,6089,2023-02-12,On-Time
5264,1769,2020-06-12,10811,2020-06-11,Late
5265,2776,2020-06-23,18759,2020-06-19,On-Time
5266,1926,2020-03-26,17664,2020-03-24,Missed
5267,2502,2024-08-25,8651,2024-08-18,Late
5268,1943,2024-04-29,11603,2024-04-30,On-Time
5269,1979,2021-11-03,12245,2021-10-25,Missed
5270,2026,2022-05-25,2693,2022-05-27,Late
5271,2786,2023-08-18,16373,2023-08-19,On-Time
5272,2730,2020-01-02,19241,2020-01-04,Missed
5273,2322,2023-09-24,13160,2023-09-22,On-Time
5274,2979,2021-04-25,7212,2021-04-17,Late
5275,2614,2022-06-03,4242,2022-05-30,Missed
5276,2577,2021-03-09,18909,2021-03-02,Late
5277,2407,2023-07-23,13772,2023-07-16,On-Time
5278,1651,2021-07-23,6319,2021-07-20,Missed
5279,1664,2022-08-16,16136,2022-08-15,Late
5280,1603,2023-05-19,8293,2023-05-13,Late
5281,1648,2023-08-10,16490,2023-08-01,Late
5282,2803,2024-02-04,20667,2024-01-27,On-Time
5283,1956,2023-11-02,19807,2023-11-02,On-Time
5284,1540,2024-06-01,16222,2024-05-25,Missed
5285,1180,2022-11-24,10046,2022-11-18,On-Time
5286,2615,2024-10-16,8623,2024-10-14,Missed
5287,1607,2020-02-10,7773,2020-02-10,Late
5288,1624,2023-09-08,10035,2023-09-03,Late
5289,1967,2023-06-11,22101,2023-06-03,Late
5290,1477,2021-02-04,2984,2021-01-31,Missed
5291,2444,2020-12-15,10330,2020-12-09,Missed
5292,2007,2023-04-14,8601,2023-04-13,Late
5293,1048,2023-04-24,20484,2023-04-17,Late
5294,2439,2022-09-22,3846,2022-09-16,Missed
5295,1017,2021-05-27,5329,2021-05-25,On-Time
5296,1743,2020-12-21,23998,2020-12-24,Late
5297,1790,2024-02-17,16365,2024-02-12,On-Time
5298,1531,2024-10-26,23537,2024-10-17,Missed
5299,1720,2020-11-14,3445,2020-11-08,Late
5300,1806,2020-06-26,22402,2020-06-19,Late
5301,2683,2024-01-29,16600,2024-01-24,Late
5302,2929,2024-09-22,6323,2024-09-24,Missed
5303,1652,2020-02-05,3209,2020-01-28,On-Time
5304,2075,2021-12-18,16380,2021-12-19,On-Time
5305,1922,2022-08-23,22135,2022-08-15,Missed
5306,1540,2022-11-30,6505,2022-11-28,Late
5307,1196,2021-09-30,17604,2021-09-28,Missed
5308,2948,2020-06-03,8090,2020-05-24,Missed
5309,1265,2022-08-02,4230,2022-08-04,Late
5310,2951,2020-05-05,10726,2020-04-27,On-Time
5311,1592,2021-02-07,8285,2021-01-29,Missed
5312,1738,2024-01-07,2584,2024-01-09,Late
5313,2317,2020-04-16,3735,2020-04-10,Missed
5314,2406,2023-08-30,11954,2023-08-22,Late
5315,2572,2020-01-20,5597,2020-01-10,Missed
5316,1721,2020-07-18,20001,2020-07-08,On-Time
5317,2575,2023-07-16,11023,2023-07-07,Missed
5318,2183,2021-06-30,5658,2021-06-23,Missed
5319,1881,2023-08-05,24987,2023-08-01,Missed
5320,1150,2020-04-06,18295,2020-04-08,Late
5321,2293,2021-09-21,23476,2021-09-24,Missed
5322,2719,2024-05-30,8629,2024-06-01,Late
5323,2527,2022-02-21,14861,2022-02-23,Late
5324,2765,2023-02-05,2522,2023-02-08,Missed
5325,1690,2024-06-10,20302,2024-06-06,On-Time
5326,1895,2021-03-28,15347,2021-03-31,Missed
5327,1220,2024-02-02,9045,2024-01-24,On-Time
5328,1033,2024-05-18,23547,2024-05-18,Late
5329,2586,2021-04-06,15824,2021-03-29,Missed
5330,1340,2022-05-29,7531,2022-05-27,Late
5331,1814,2023-07-19,6955,2023-07-19,Late
5332,2913,2021-07-21,16312,2021-07-23,On-Time
5333,2008,2023-05-03,19865,2023-04-26,Missed
5334,1570,2020-11-13,15370,2020-11-13,Late
5335,1517,2024-06-09,4057,2024-06-01,On-Time
5336,1456,2024-06-07,21712,2024-06-04,Late
5337,1954,2021-11-06,7159,2021-11-03,On-Time
5338,2093,2021-04-01,4928,2021-04-01,Missed
5339,1644,2020-08-16,7661,2020-08-10,Missed
5340,2553,2020-07-28,11866,2020-07-23,On-Time
5341,2684,2021-09-23,22719,2021-09-14,On-Time
5342,1685,2024-05-27,6261,2024-05-29,Missed
5343,1575,2022-05-12,13067,2022-05-15,On-Time
5344,1817,2022-09-23,11536,2022-09-14,Late
5345,1370,2023-12-20,3580,2023-12-21,Missed
5346,2267,2021-08-06,9458,2021-08-02,Late
5347,2803,2020-05-24,16568,2020-05-18,On-Time
5348,1556,2021-04-14,22979,2021-04-13,Late
5349,1701,2020-07-04,22026,2020-06-26,On-Time
5350,2853,2021-04-01,18258,2021-03-30,On-Time
5351,2081,2020-01-14,7703,2020-01-13,On-Time
5352,1527,2021-05-27,15392,2021-05-27,Missed
5353,1984,2020-10-08,16285,2020-10-07,On-Time
5354,1539,2024-07-27,18905,2024-07-17,Late
5355,1737,2024-05-27,20194,2024-05-26,On-Time
5356,2061,2020-03-18,17327,2020-03-19,Late
5357,1078,2020-04-26,4629,2020-04-24,On-Time
5358,1777,2020-02-05,14864,2020-02-02,Missed
5359,1769,2020-04-13,6988,2020-04-06,On-Time
5360,1288,2023-03-13,22748,2023-03-05,Late
5361,1909,2021-09-27,13327,2021-09-17,On-Time
5362,2404,2021-05-13,14430,2021-05-08,Late
5363,1852,2020-11-06,10550,2020-10-28,Late
5364,2412,2024-06-11,5473,2024-06-14,On-Time
5365,2168,2021-10-01,24710,2021-09-23,Late
5366,2498,2022-10-12,4501,2022-10-09,Late
5367,2352,2020-10-25,8774,2020-10-21,Late
5368,2404,2021-08-23,5465,2021-08-25,On-Time
5369,2470,2022-03-06,18579,2022-02-24,On-Time
5370,1888,2022-08-19,5563,2022-08-12,Late
5371,2454,2020-12-08,20656,2020-11-29,Missed
5372,1615,2021-08-28,12166,2021-08-19,On-Time
5373,1017,2024-03-28,12808,2024-03-27,Late
5374,1905,2021-12-14,19336,2021-12-05,Missed
5375,1471,2020-09-06,11225,2020-09-02,On-Time
5376,1760,2020-11-20,15421,2020-11-18,On-Time
5377,1577,2022-06-22,24481,2022-06-23,Missed
5378,2228,2024-05-29,3870,2024-05-31,Missed
5379,2236,2021-06-12,21574,2021-06-10,Missed
5380,1268,2023-07-22,3584,2023-07-24,On-Time
5381,2942,2023-05-23,19951,2023-05-18,Late
5382,1086,2021-06-16,8102,2021-06-10,On-Time
5383,1517,2020-07-25,8332,2020-07-15,Missed
5384,2776,2020-10-23,19811,2020-10-24,Late
5385,2340,2021-07-04,7415,2021-06-26,Missed
5386,2026,2022-06-02,5166,2022-05-25,Missed
5387,1934,2020-06-09,8482,2020-05-30,Late
5388,2894,2020-09-10,13481,2020-09-04,Late
5389,1376,2020-08-12,17175,2020-08-04,On-Time
5390,2216,2023-09-04,17999,2023-09-06,Late
5391,2043,2023-07-22,15094,2023-07-18,Missed
5392,1576,2023-05-24,19328,2023-05-26,On-Time
5393,1486,2024-04-27,22899,2024-04-18,Missed
5394,2900,2023-06-09,14490,2023-06-10,Late
5395,2390,2022-10-30,16703,2022-11-02,Late
5396,2077,2020-11-25,3450,2020-11-26,Missed
5397,2385,2022-11-11,18039,2022-11-11,Missed
5398,2632,2020-11-02,16245,2020-11-01,Missed
5399,1881,2021-05-24,2971,2021-05-15,Missed
5400,2265,2023-12-11,4688,2023-12-04,Missed
5401,1271,2021-04-26,22008,2021-04-16,On-Time
5402,2703,2023-06-28,8906,2023-06-30,On-Time
5403,2167,2020-10-31,17129,2020-10-22,Missed
5404,1692,2020-09-07,17696,2020-09-10,Late
5405,2048,2024-07-16,20496,2024-07-19,Missed
5406,1128,2020-12-20,24525,2020-12-17,Missed
5407,1088,2021-10-14,4727,2021-10-05,On-Time
5408,1284,2021-11-04,3194,2021-10-26,Missed
5409,1637,2020-02-04,2008,2020-01-26,Late
5410,2727,2020-07-28,6682,2020-07-22,Late
5411,2266,2023-02-12,10357,2023-02-14,Late
5412,1865,2024-01-23,2580,2024-01-18,On-Time
5413,1792,2022-05-10,6857,2022-04-30,On-Time
5414,1193,2023-10-29,15244,2023-10-19,Missed
5415,1656,2022-07-06,11366,2022-06-29,Late
5416,2927,2024-01-08,3344,2024-01-03,On-Time
5417,1763,2023-06-23,21203,2023-06-25,Missed
5418,2400,2021-11-11,23052,2021-11-02,Missed
5419,1796,2022-10-31,19470,2022-10-31,On-Time
5420,1201,2021-10-15,2030,2021-10-07,Missed
5421,1331,2022-08-16,23168,2022-08-11,Missed
5422,1478,2023-09-26,14357,2023-09-27,On-Time
5423,1282,2023-05-08,16567,2023-05-06,On-Time
5424,2799,2023-09-14,18043,2023-09-17,Missed
5425,1917,2023-11-11,7353,2023-11-14,Late
5426,2654,2021-12-17,16927,2021-12-13,On-Time
5427,1034,2022-07-10,5967,2022-07-13,Late
5428,2641,2020-05-02,4741,2020-04-24,On-Time
5429,2527,2020-05-11,17976,2020-05-02,Missed
5430,1460,2020-08-19,3113,2020-08-21,Late
5431,1049,2021-11-11,16468,2021-11-05,Late
5432,1487,2024-11-01,12541,2024-10-29,Late
5433,1647,2024-08-29,16560,2024-08-19,On-Time
5434,2862,2022-01-16,2389,2022-01-08,On-Time
5435,2317,2021-08-10,13755,2021-08-03,Missed
5436,1263,2024-03-01,22946,2024-03-02,On-Time
5437,2889,2020-12-08,3797,2020-12-04,On-Time
5438,2967,2024-11-24,21495,2024-11-18,On-Time
5439,1758,2021-04-27,20329,2021-04-23,Late
5440,1007,2023-05-07,7855,2023-05-05,Missed
5441,2612,2022-10-26,16102,2022-10-29,Missed
5442,1976,2020-09-07,6744,2020-09-06,Missed
5443,1915,2023-06-11,12267,2023-06-01,Late
5444,2112,2021-05-31,20396,2021-05-23,On-Time
5445,2115,2023-08-29,24863,2023-08-25,Late
5446,1898,2023-10-12,15896,2023-10-09,Late
5447,2649,2024-11-28,2835,2024-11-24,Missed
5448,2336,2023-02-23,13497,2023-02-17,Late
5449,1814,2021-12-06,22788,2021-11-29,Late
5450,1021,2021-06-17,24372,2021-06-12,Missed
5451,2394,2020-04-18,13445,2020-04-10,Missed
5452,1871,2022-01-22,19130,2022-01-20,Late
5453,2264,2021-10-08,7910,2021-10-09,Late
5454,2619,2021-01-03,16224,2020-12-31,On-Time
5455,1862,2021-12-17,3230,2021-12-07,Missed
5456,1886,2020-09-26,20455,2020-09-27,On-Time
5457,2533,2024-06-17,5070,2024-06-13,Missed
5458,1718,2023-10-20,9642,2023-10-10,Missed
5459,1160,2022-11-27,8098,2022-11-23,On-Time
5460,1449,2023-07-10,14384,2023-07-01,Late
5461,2541,2024-11-28,4747,2024-11-29,Late
5462,1349,2023-03-09,12567,2023-03-06,On-Time
5463,2810,2022-06-27,20415,2022-06-29,On-Time
5464,2169,2021-10-20,14358,2021-10-23,Missed
5465,1746,2020-04-15,3223,2020-04-15,Late
5466,1104,2023-01-01,15237,2023-01-04,Late
5467,1237,2024-03-25,4970,2024-03-21,Late
5468,1629,2022-10-20,2540,2022-10-21,On-Time
5469,1545,2020-03-13,6361,2020-03-09,Late
5470,2171,2024-07-28,14599,2024-07-22,Missed
5471,2218,2023-07-27,22563,2023-07-22,On-Time
5472,1543,2020-11-13,4962,2020-11-12,On-Time
5473,2761,2022-11-01,6168,2022-10-30,On-Time
5474,2698,2021-07-25,10504,2021-07-21,On-Time
5475,1129,2024-08-02,7717,2024-08-03,Late
5476,2557,2021-11-13,7504,2021-11-10,Late
5477,2222,2024-12-14,17922,2024-12-04,On-Time
5478,2097,2022-12-19,9669,2022-12-15,On-Time
5479,1314,2020-09-13,9569,2020-09-05,Late
5480,2325,2022-03-26,12412,2022-03-19,On-Time
5481,2241,2024-10-07,10358,2024-09-30,On-Time
5482,1752,2020-07-07,22367,2020-07-01,Late
5483,1100,2023-04-13,3293,2023-04-05,Late
5484,1151,2022-12-03,24813,2022-12-03,Late
5485,2973,2020-10-17,21154,2020-10-11,Missed
5486,1078,2024-06-03,24652,2024-05-24,Missed
5487,2677,2023-05-03,23853,2023-05-05,On-Time
5488,2325,2023-02-08,13521,2023-02-07,On-Time
5489,2594,2020-06-04,3783,2020-05-30,Missed
5490,1495,2024-06-13,12383,2024-06-08,Late
5491,1921,2023-01-23,22244,2023-01-22,On-Time
5492,1507,2022-02-12,9835,2022-02-15,On-Time
5493,2811,2020-06-21,14250,2020-06-21,On-Time
5494,2485,2020-01-29,3601,2020-01-22,Late
5495,2788,2022-10-01,22529,2022-10-04,Missed
5496,1774,2023-10-16,3751,2023-10-11,Missed
5497,1038,2020-09-18,21180,2020-09-12,On-Time
5498,2377,2021-05-05,9731,2021-04-30,Missed
5499,1119,2020-03-26,6840,2020-03-16,Late
5500,2631,2023-08-29,3037,2023-08-21,Late
5501,1053,2021-11-17,22035,2021-11-13,On-Time
5502,1002,2022-11-10,2315,2022-11-13,Late
5503,1985,2022-10-12,12420,2022-10-14,On-Time
5504,1939,2021-03-10,19232,2021-03-10,Late
5505,1354,2024-11-06,2404,2024-10-31,On-Time
5506,2648,2021-05-23,24045,2021-05-17,Late
5507,1325,2024-03-27,9147,2024-03-17,Missed
5508,1451,2020-07-05,14318,2020-07-03,On-Time
5509,2541,2024-12-29,12595,2024-12-30,Missed
5510,1215,2024-05-04,12087,2024-04-29,On-Time
5511,1011,2023-09-13,7565,2023-09-15,Missed
5512,1863,2021-11-01,15069,2021-11-02,Late
5513,2313,2022-08-19,10221,2022-08-19,On-Time
5514,1468,2024-07-21,22836,2024-07-15,Late
5515,1538,2024-09-13,14192,2024-09-10,Late
5516,2559,2022-11-01,9233,2022-10-25,Late
5517,1816,2021-07-13,8316,2021-07-04,On-Time
5518,1268,2021-01-08,6398,2020-12-31,Late
5519,1236,2022-10-06,2376,2022-10-05,Late
5520,2839,2024-04-03,12019,2024-03-24,Missed
5521,2052,2024-10-20,3907,2024-10-21,On-Time
5522,2723,2021-09-22,23962,2021-09-15,On-Time
5523,1054,2024-03-26,14711,2024-03-16,On-Time
5524,2065,2024-09-26,24818,2024-09-23,Late
5525,1751,2021-02-21,11184,2021-02-23,Missed
5526,2585,2023-05-06,15394,2023-05-09,Late
5527,1723,2021-07-09,18535,2021-07-02,On-Time
5528,1445,2021-08-31,2229,2021-08-22,On-Time
5529,2848,2020-01-08,19668,2020-01-01,Missed
5530,1823,2024-07-28,7990,2024-07-22,On-Time
5531,1898,2024-06-25,20417,2024-06-21,On-Time
5532,1466,2023-07-31,11193,2023-07-29,Missed
5533,1851,2022-05-20,20115,2022-05-15,Late
5534,2279,2023-04-21,5329,2023-04-19,On-Time
5535,2532,2023-03-18,17864,2023-03-19,Late
5536,2807,2020-01-31,15291,2020-02-02,Late
5537,1776,2022-03-05,10337,2022-02-28,On-Time
5538,2896,2024-07-26,8465,2024-07-27,Late
5539,1081,2023-09-29,18237,2023-10-01,Missed
5540,1252,2021-11-06,14082,2021-11-03,Missed
5541,2126,2022-12-26,12594,2022-12-17,Late
5542,1561,2020-05-01,18019,2020-04-25,Late
5543,2551,2022-02-22,18960,2022-02-21,On-Time
5544,2367,2023-06-19,17688,2023-06-18,Missed
5545,1295,2024-07-28,6670,2024-07-23,Missed
5546,2988,2023-06-01,24934,2023-05-22,Missed
5547,1374,2020-05-06,21508,2020-05-02,Late
5548,2215,2023-09-05,17369,2023-08-28,Late
5549,2539,2022-11-08,11550,2022-11-03,On-Time
5550,1627,2024-05-13,23179,2024-05-16,On-Time
5551,2364,2020-12-17,2913,2020-12-17,On-Time
5552,1634,2024-06-28,4007,2024-06-19,On-Time
5553,2097,2020-10-06,17540,2020-10-06,Missed
5554,1515,2024-11-07,23933,2024-11-08,On-Time
5555,1810,2022-02-12,15878,2022-02-04,Late
5556,2679,2024-01-07,3633,2023-12-28,On-Time
5557,1883,2021-01-22,14165,2021-01-20,Late
5558,2186,2023-06-22,19258,2023-06-16,Missed
5559,1211,2020-02-08,13100,2020-02-09,On-Time
5560,2456,2020-04-26,19483,2020-04-26,Late
5561,1983,2020-05-12,18924,2020-05-04,Late
5562,1383,2024-09-26,22215,2024-09-24,Missed
5563,1105,2022-01-31,16088,2022-01-25,Late
5564,1736,2024-10-14,24762,2024-10-10,Late
5565,2586,2021-04-24,18007,2021-04-14,Late
5566,2126,2024-09-06,15039,2024-09-09,On-Time
5567,2231,2024-09-20,23323,2024-09-15,Late
5568,1354,2023-10-06,23023,2023-09-30,On-Time
5569,1115,2020-09-15,11469,2020-09-16,Missed
5570,2220,2023-04-20,15128,2023-04-20,Late
5571,1430,2021-12-27,13606,2021-12-29,Late
5572,2408,2023-08-04,19352,2023-07-25,On-Time
5573,1330,2024-11-16,5123,2024-11-08,Late
5574,2831,2023-03-26,13036,2023-03-21,Missed
5575,1051,2023-05-17,16657,2023-05-10,On-Time
5576,2497,2023-04-18,22401,2023-04-21,Missed
5577,2099,2023-10-03,17448,2023-09-28,On-Time
5578,1201,2023-06-29,4560,2023-06-21,On-Time
5579,2684,2023-06-08,6198,2023-06-07,Late
5580,1164,2023-10-23,23340,2023-10-17,Missed
5581,1537,2020-10-03,20944,2020-10-03,Late
5582,2340,2024-10-05,18938,2024-10-05,Late
5583,1069,2021-08-02,14055,2021-07-27,Missed
5584,1367,2024-10-30,11937,2024-10-20,Late
5585,1841,2023-02-24,15736,2023-02-17,Missed
5586,1300,2020-09-21,11397,2020-09-22,On-Time
5587,1756,2021-01-21,16304,2021-01-19,Missed
5588,2308,2024-10-08,22441,2024-10-04,On-Time
5589,1364,2024-07-11,15654,2024-07-04,On-Time
5590,2789,2020-02-02,6605,2020-01-25,Late
5591,1292,2024-08-05,9739,2024-08-06,On-Time
5592,1348,2023-01-22,4615,2023-01-18,Late
5593,2873,2023-03-09,18885,2023-03-07,On-Time
5594,2537,2021-04-09,22099,2021-04-08,On-Time
5595,1309,2022-01-24,8824,2022-01-23,Missed
5596,2166,2022-07-25,21232,2022-07-22,Missed
5597,2241,2023-12-31,22587,2023-12-22,Late
5598,2680,2023-07-26,18670,2023-07-19,Late
5599,1313,2021-10-10,18999,2021-10-01,Late
5600,1374,2020-11-06,8069,2020-11-05,Late
5601,1396,2024-09-20,2842,2024-09-10,On-Time
5602,2433,2023-02-02,9277,2023-01-27,On-Time
5603,1124,2020-04-08,11958,2020-04-09,On-Time
5604,2024,2022-08-28,3629,2022-08-21,On-Time
5605,2939,2020-08-06,23317,2020-07-29,On-Time
5606,2837,2022-10-16,6217,2022-10-08,On-Time
5607,2869,2022-11-11,19109,2022-11-05,Missed
5608,1210,2022-08-11,22078,2022-08-05,On-Time
5609,2504,2024-05-30,19868,2024-05-30,Missed
5610,1974,2022-07-27,22223,2022-07-25,Late
5611,2383,2021-12-07,24586,2021-12-08,On-Time
5612,1365,2022-07-20,6172,2022-07-19,Missed
5613,2473,2021-10-23,17460,2021-10-21,Missed
5614,1835,2023-04-20,9776,2023-04-20,Late
5615,1411,2024-04-10,2243,2024-04-01,On-Time
5616,2447,2022-01-20,22226,2022-01-15,On-Time
5617,1177,2020-06-08,14704,2020-06-06,On-Time
5618,1711,2020-06-22,7187,2020-06-17,Late
5619,2639,2022-09-30,11039,2022-09-23,On-Time
5620,1490,2024-03-11,3314,2024-03-14,Missed
5621,1149,2023-07-26,8123,2023-07-22,Missed
5622,2745,2023-05-26,22060,2023-05-27,Missed
5623,2869,2024-02-01,2055,2024-01-26,Missed
5624,2881,2023-02-12,16384,2023-02-15,On-Time
5625,2402,2024-07-07,5780,2024-07-09,Missed
5626,2995,2023-09-21,19080,2023-09-20,On-Time
5627,1616,2020-03-13,10839,2020-03-13,Late
5628,1580,2024-02-21,17727,2024-02-24,On-Time
5629,1226,2023-12-24,7415,2023-12-19,Missed
5630,2468,2024-10-12,7872,2024-10-08,Missed
5631,1421,2023-10-08,19429,2023-09-30,On-Time
5632,2569,2020-04-29,3176,2020-04-24,Missed
5633,1536,2022-05-17,6262,2022-05-16,Missed
5634,1492,2021-06-13,10649,2021-06-07,Late
5635,1501,2023-09-13,6621,2023-09-11,Late
5636,1411,2021-06-27,5151,2021-06-23,On-Time
5637,2316,2023-09-02,24962,2023-08-27,Late
5638,2727,2021-04-12,5620,2021-04-11,Missed
5639,2699,2022-05-10,2209,2022-05-07,Late
5640,1092,2020-12-05,12433,2020-11-28,On-Time
5641,2725,2020-02-18,24490,2020-02-20,Late
5642,2435,2023-12-12,6822,2023-12-07,Late
5643,2127,2022-08-05,7085,2022-08-08,Missed
5644,1183,2020-10-12,24023,2020-10-13,Missed
5645,1004,2020-09-05,3090,2020-08-28,On-Time
5646,2980,2021-03-16,13770,2021-03-14,Missed
5647,1858,2023-09-01,5502,2023-08-27,On-Time
5648,2753,2023-08-01,13042,2023-07-23,On-Time
5649,2603,2022-01-07,8038,2022-01-04,Missed
5650,1603,2024-03-01,22786,2024-02-29,On-Time
5651,1532,2020-01-17,19395,2020-01-15,Missed
5652,1048,2020-08-15,7716,2020-08-13,Late
5653,2371,2022-05-29,13658,2022-05-29,On-Time
5654,1980,2020-02-09,8633,2020-01-31,Missed
5655,1714,2022-03-07,19833,2022-02-28,On-Time
5656,2136,2022-08-27,15250,2022-08-18,Missed
5657,2110,2023-11-04,15182,2023-11-01,On-Time
5658,2178,2022-04-20,19047,2022-04-16,On-Time
5659,1993,2024-04-17,2191,2024-04-17,Missed
5660,1472,2021-03-26,9394,2021-03-18,On-Time
5661,1340,2022-11-18,16725,2022-11-14,Missed
5662,1874,2021-11-26,16241,2021-11-20,On-Time
5663,2181,2020-07-29,12306,2020-07-24,On-Time
5664,2530,2023-09-05,24703,2023-09-05,On-Time
5665,1742,2023-11-19,20702,2023-11-10,Late
5666,1585,2020-02-18,15199,2020-02-18,On-Time
5667,2541,2020-09-02,12435,2020-08-30,Missed
5668,1281,2023-09-19,24526,2023-09-18,Missed
5669,2705,2021-06-25,16974,2021-06-18,Late
5670,1234,2022-07-14,12853,2022-07-17,Missed
5671,2025,2023-10-16,17355,2023-10-06,Late
5672,2635,2023-06-05,13751,2023-05-29,Late
5673,1145,2023-08-27,17858,2023-08-18,On-Time
5674,1634,2023-02-17,20048,2023-02-07,Missed
5675,2617,2020-08-23,8031,2020-08-26,On-Time
5676,1683,2022-03-01,10624,2022-02-21,Missed
5677,1857,2023-11-15,12966,2023-11-12,On-Time
5678,1474,2023-06-16,7441,2023-06-14,Missed
5679,2891,2022-05-19,10635,2022-05-09,Missed
5680,1799,2021-01-06,4676,2021-01-07,Late
5681,1137,2022-12-18,14293,2022-12-08,Late
5682,2860,2024-03-16,2594,2024-03-12,Missed
5683,1501,2020-11-02,16276,2020-10-31,Missed
5684,2366,2023-06-05,2505,2023-05-28,On-Time
5685,2501,2023-09-19,24867,2023-09-11,Late
5686,2994,2021-10-08,24906,2021-10-09,On-Time
5687,1822,2021-09-09,18629,2021-09-07,On-Time
5688,1883,2022-03-16,10721,2022-03-18,Late
5689,2637,2023-06-17,21419,2023-06-07,Missed
5690,1055,2022-01-16,14634,2022-01-07,On-Time
5691,1299,2021-08-31,24062,2021-08-28,Late
5692,1224,2022-10-10,10651,2022-09-30,Late
5693,2702,2021-01-07,11537,2021-01-03,Missed
5694,1226,2022-01-12,7675,2022-01-10,On-Time
5695,2761,2023-03-02,8461,2023-03-03,On-Time
5696,2015,2023-02-06,19126,2023-02-01,Missed
5697,1847,2020-09-12,7335,2020-09-14,Late
5698,1171,2020-12-11,18826,2020-12-13,Late
5699,2282,2024-09-07,17434,2024-08-31,On-Time
5700,2308,2020-09-20,9535,2020-09-20,On-Time
5701,2783,2022-01-17,14522,2022-01-14,Late
5702,2083,2020-10-01,6738,2020-09-28,Late
5703,1813,2022-11-23,17990,2022-11-26,Late
5704,2634,2024-04-17,15381,2024-04-07,Late
5705,2027,2023-05-17,16142,2023-05-14,Late
5706,2032,2021-04-05,18282,2021-03-27,Late
5707,1672,2020-11-24,23770,2020-11-26,Missed
5708,2406,2024-08-11,24150,2024-08-07,Late
5709,1369,2022-11-03,17538,2022-11-05,On-Time
5710,2054,2023-04-05,16846,2023-04-07,Missed
5711,1284,2021-11-10,24444,2021-11-10,Missed
5712,2613,2023-06-27,15816,2023-06-25,Missed
5713,2381,2020-09-28,14267,2020-09-24,Missed
5714,2677,2024-06-12,7858,2024-06-13,On-Time
5715,1405,2020-07-07,9166,2020-07-05,Missed
5716,1862,2021-04-01,20775,2021-04-02,Missed
5717,1957,2021-07-05,6451,2021-06-26,Late
5718,2152,2023-09-13,2085,2023-09-03,Missed
5719,2880,2021-10-10,16470,2021-10-04,Missed
5720,2415,2022-09-25,7295,2022-09-18,Late
5721,1176,2021-06-16,7942,2021-06-06,On-Time
5722,2688,2024-05-01,10290,2024-05-01,On-Time
5723,2766,2024-12-20,15434,2024-12-10,Missed
5724,2332,2023-06-16,16022,2023-06-17,On-Time
5725,2903,2020-12-22,10610,2020-12-24,Late
5726,2738,2024-03-06,16330,2024-03-02,Missed
5727,1478,2022-01-20,16648,2022-01-12,Late
5728,2519,2024-10-30,19312,2024-10-21,Late
5729,1151,2022-09-02,6125,2022-08-28,Missed
5730,1758,2024-06-26,11773,2024-06-16,Missed
5731,1347,2025-01-05,7416,2024-12-26,Missed
5732,2821,2023-04-16,23421,2023-04-11,Late
5733,1133,2021-04-07,20496,2021-03-31,On-Time
5734,1321,2022-01-30,11021,2022-01-25,Missed
5735,1577,2021-11-08,19434,2021-11-07,Missed
5736,1605,2022-07-30,17873,2022-08-01,Missed
5737,2301,2021-05-12,5909,2021-05-11,Late
5738,2996,2020-10-13,2730,2020-10-03,Missed
5739,1887,2023-09-10,4568,2023-09-05,Missed
5740,2786,2021-11-11,7255,2021-11-12,Late
5741,1505,2021-07-02,11830,2021-07-04,Late
5742,2077,2023-09-17,24296,2023-09-20,Late
5743,1876,2022-06-11,20500,2022-06-05,Missed
5744,1418,2021-02-08,4573,2021-02-06,Missed
5745,2383,2020-04-19,15571,2020-04-16,Missed
5746,1164,2020-10-24,6747,2020-10-21,Late
5747,2517,2021-09-03,14213,2021-08-24,Late
5748,2147,2024-02-23,6568,2024-02-23,On-Time
5749,1131,2022-12-22,10786,2022-12-22,Late
5750,2850,2023-12-26,17251,2023-12-29,Late
5751,1712,2022-12-07,4597,2022-12-02,On-Time
5752,1258,2022-11-24,12191,2022-11-21,Late
5753,2502,2021-05-04,19695,2021-05-06,Late
5754,2756,2020-06-29,22330,2020-07-01,Missed
5755,1847,2020-06-07,24551,2020-06-07,Late
5756,2875,2022-12-18,7555,2022-12-09,Missed
5757,2548,2021-06-20,18433,2021-06-21,On-Time
5758,2523,2022-04-05,10069,2022-03-29,Late
5759,1518,2021-08-23,8249,2021-08-14,Missed
5760,1102,2024-02-06,16690,2024-01-30,Missed
5761,2688,2020-08-06,24772,2020-07-28,Late
5762,2206,2021-12-19,13361,2021-12-22,On-Time
5763,2633,2020-02-19,12657,2020-02-19,Missed
5764,2360,2024-01-28,11663,2024-01-30,Missed
5765,2609,2024-06-05,21862,2024-05-29,Missed
5766,2309,2024-08-08,18782,2024-08-10,Late
5767,1081,2023-12-29,19620,2023-12-20,Missed
5768,2214,2024-12-02,10630,2024-11-26,On-Time
5769,2106,2024-02-05,21139,2024-01-31,On-Time
5770,2438,2021-09-22,5911,2021-09-13,On-Time
5771,1719,2022-03-29,24362,2022-03-20,Late
5772,2424,2023-07-01,19473,2023-06-23,Late
5773,2068,2020-06-25,14174,2020-06-24,Late
5774,2687,2022-01-20,7307,2022-01-20,Missed
5775,1054,2022-08-06,12283,2022-08-06,On-Time
5776,1803,2023-11-13,9958,2023-11-16,On-Time
5777,2863,2020-08-26,6876,2020-08-23,Late
5778,1447,2023-11-09,9210,2023-11-12,Missed
5779,1190,2022-12-31,24541,2023-01-03,Missed
5780,2343,2022-12-17,9780,2022-12-18,Late
5781,2173,2022-03-05,23245,2022-02-27,Missed
5782,1648,2021-12-19,4347,2021-12-22,Missed
5783,1392,2023-12-09,13390,2023-12-09,On-Time
5784,1061,2021-02-05,10856,2021-01-31,Late
5785,2878,2023-10-25,23690,2023-10-24,On-Time
5786,2343,2022-04-17,15746,2022-04-17,Missed
5787,1210,2023-03-29,13684,2023-03-27,Late
5788,1313,2022-10-23,9710,2022-10-25,Missed
5789,1248,2023-10-26,14039,2023-10-29,On-Time
5790,2668,2021-10-27,23788,2021-10-17,Late
5791,2692,2020-07-27,17122,2020-07-29,On-Time
5792,2315,2020-04-25,19323,2020-04-19,On-Time
5793,2572,2020-06-15,21720,2020-06-08,Missed
5794,2746,2021-03-17,3050,2021-03-11,On-Time
5795,1903,2024-12-21,10186,2024-12-11,Missed
5796,2053,2023-03-28,3715,2023-03-19,On-Time
5797,1270,2022-12-25,13777,2022-12-15,Late
5798,1593,2021-10-03,5986,2021-10-02,Late
5799,1023,2021-05-21,3479,2021-05-14,Missed
5800,2808,2023-01-24,16957,2023-01-15,Late
5801,1797,2024-04-20,24536,2024-04-11,On-Time
5802,2209,2024-06-26,14161,2024-06-20,Missed
5803,1621,2022-12-03,19265,2022-11-29,On-Time
5804,2402,2021-12-07,8556,2021-11-28,Missed
5805,2694,2023-12-15,15296,2023-12-13,Missed
5806,1583,2023-02-08,18214,2023-02-05,On-Time
5807,1125,2024-03-02,18642,2024-02-22,Late
5808,1161,2021-12-12,19464,2021-12-15,On-Time
5809,1926,2022-04-03,24105,2022-03-31,Late
5810,2715,2021-06-25,10906,2021-06-21,On-Time
5811,2720,2020-09-05,18458,2020-08-28,Late
5812,1457,2020-01-17,15990,2020-01-16,Late
5813,1134,2023-08-25,3087,2023-08-16,On-Time
5814,1669,2024-12-24,23174,2024-12-14,On-Time
5815,1441,2021-08-05,23002,2021-07-28,On-Time
5816,2713,2023-08-08,3590,2023-08-08,On-Time
5817,1946,2024-06-02,5813,2024-05-27,On-Time
5818,2722,2024-05-23,7342,2024-05-20,Missed
5819,2352,2020-10-11,17953,2020-10-11,Missed
5820,1396,2021-10-16,8993,2021-10-13,Late
5821,1729,2021-12-05,15237,2021-12-05,On-Time
5822,2245,2022-07-20,19984,2022-07-17,On-Time
5823,2855,2022-11-20,15129,2022-11-21,On-Time
5824,1151,2022-08-15,13539,2022-08-13,Missed
5825,2899,2022-07-29,20288,2022-07-21,Late
5826,1987,2024-04-07,4655,2024-04-01,Late
5827,2455,2020-03-12,14995,2020-03-14,Late
5828,1546,2020-02-27,12925,2020-02-28,On-Time
5829,1245,2020-05-05,13996,2020-05-02,Late
5830,1085,2024-08-14,18895,2024-08-12,Missed
5831,1898,2024-03-12,18707,2024-03-11,On-Time
5832,2634,2023-08-02,13118,2023-08-04,On-Time
5833,1464,2022-05-19,17003,2022-05-17,On-Time
5834,2121,2024-03-11,15316,2024-03-05,Missed
5835,1234,2020-05-19,14199,2020-05-16,Late
5836,2422,2023-12-19,13905,2023-12-19,Missed
5837,1750,2022-07-28,3517,2022-07-19,Missed
5838,1890,2023-08-13,14239,2023-08-15,Late
5839,1540,2023-10-15,12789,2023-10-17,On-Time
5840,1880,2023-01-11,9598,2023-01-12,Late
5841,1330,2020-02-04,15979,2020-01-25,On-Time
5842,1526,2022-01-27,11986,2022-01-19,Late
5843,2735,2024-11-05,16780,2024-10-30,Late
5844,2915,2022-01-18,8488,2022-01-20,Missed
5845,1842,2024-01-09,18499,2024-01-05,On-Time
5846,2380,2024-10-12,3611,2024-10-07,On-Time
5847,1823,2023-05-14,20693,2023-05-10,Late
5848,2156,2022-01-23,17870,2022-01-22,Missed
5849,2266,2021-11-16,5475,2021-11-17,Late
5850,2002,2020-01-22,24715,2020-01-17,Missed
5851,2866,2022-09-30,6129,2022-09-24,Missed
5852,1200,2022-03-09,20344,2022-03-04,Missed
5853,2333,2024-08-23,24546,2024-08-19,On-Time
5854,2121,2020-12-20,7950,2020-12-10,Missed
5855,1087,2022-02-20,3138,2022-02-20,Missed
5856,2716,2021-08-31,7869,2021-09-03,Missed
5857,1639,2024-02-24,20355,2024-02-17,Missed
5858,2480,2022-11-06,22258,2022-11-04,Missed
5859,1104,2024-08-13,6907,2024-08-11,On-Time
5860,2788,2021-03-27,4532,2021-03-27,Missed
5861,1613,2023-10-20,19698,2023-10-19,On-Time
5862,2067,2023-03-07,23522,2023-03-05,Missed
5863,1017,2024-08-29,19680,2024-08-25,Late
5864,1952,2022-07-06,23675,2022-07-08,On-Time
5865,1650,2023-10-21,24138,2023-10-13,Late
5866,1382,2024-07-27,15002,2024-07-22,Late
5867,2267,2021-04-17,22631,2021-04-12,Missed
5868,1605,2020-12-28,14547,2020-12-18,Late
5869,2758,2020-03-08,22315,2020-03-10,Missed
5870,2703,2023-03-18,8826,2023-03-12,Late
5871,2408,2023-02-06,3564,2023-01-28,On-Time
5872,2315,2023-08-26,17114,2023-08-18,Missed
5873,2624,2023-10-13,21732,2023-10-10,On-Time
5874,2104,2022-01-23,9098,2022-01-26,Late
5875,2072,2021-08-20,2640,2021-08-23,Missed
5876,2019,2023-04-04,4904,2023-03-30,Late
5877,1941,2020-06-13,11773,2020-06-14,Late
5878,1070,2021-11-13,4304,2021-11-13,Missed
5879,2745,2020-08-06,16078,2020-07-29,Missed
5880,1812,2023-06-20,19119,2023-06-12,Late
5881,2548,2021-06-11,9608,2021-06-13,Missed
5882,2822,2022-11-03,19591,2022-10-25,On-Time
5883,2375,2021-11-25,10514,2021-11-21,Late
5884,2424,2023-02-27,16779,2023-02-21,On-Time
5885,1615,2021-06-06,12053,2021-06-08,Late
5886,1836,2021-05-19,10316,2021-05-22,Missed
5887,1318,2023-12-16,23247,2023-12-18,Late
5888,2525,2022-12-28,3773,2022-12-23,Late
5889,1281,2024-01-24,4176,2024-01-21,Missed
5890,2256,2022-11-10,6652,2022-11-08,Late
5891,1716,2022-10-11,22248,2022-10-06,Missed
5892,2345,2023-09-20,5279,2023-09-21,Late
5893,2789,2024-07-17,6985,2024-07-18,Missed
5894,2445,2023-09-16,3864,2023-09-17,On-Time
5895,1936,2022-05-29,19536,2022-05-26,Late
5896,2892,2023-01-06,4097,2022-12-28,On-Time
5897,1837,2024-04-11,15134,2024-04-11,On-Time
5898,1966,2023-07-12,23067,2023-07-14,Missed
5899,1291,2024-02-29,8021,2024-02-28,On-Time
5900,2922,2024-10-31,24358,2024-10-23,On-Time
5901,1321,2021-09-08,24986,2021-08-31,Late
5902,1722,2022-08-02,22361,2022-08-04,On-Time
5903,1325,2022-05-06,22740,2022-05-08,Missed
5904,2181,2021-10-08,3459,2021-09-30,Late
5905,2863,2021-10-05,7909,2021-10-06,Missed
5906,1731,2023-03-14,2846,2023-03-09,Missed
5907,1875,2022-03-31,16240,2022-03-22,Late
5908,2928,2021-10-15,8517,2021-10-14,On-Time
5909,1798,2022-03-21,19961,2022-03-24,Late
5910,2654,2021-08-27,14079,2021-08-25,Missed
5911,1167,2024-08-21,20004,2024-08-17,Missed
5912,1650,2022-11-02,20977,2022-11-02,Late
5913,2781,2020-10-28,16348,2020-10-29,On-Time
5914,1940,2023-04-28,9630,2023-04-23,On-Time
5915,2289,2022-09-11,12196,2022-09-10,Missed
5916,1544,2020-05-08,6375,2020-05-04,Late
5917,2145,2023-01-20,4892,2023-01-22,On-Time
5918,2375,2023-11-19,7495,2023-11-16,Late
5919,1999,2024-02-10,12939,2024-02-11,Late
5920,1988,2022-05-23,19212,2022-05-20,Late
5921,1390,2021-07-23,18315,2021-07-25,Late
5922,2949,2020-05-21,17130,2020-05-19,Missed
5923,2480,2024-12-14,8586,2024-12-16,Late
5924,1759,2024-12-17,13220,2024-12-16,Late
5925,1103,2020-01-13,9605,2020-01-04,Missed
5926,1669,2022-12-12,23285,2022-12-14,Late
5927,1736,2020-05-25,6095,2020-05-22,On-Time
5928,1757,2021-09-25,23115,2021-09-26,On-Time
5929,1815,2022-04-23,18295,2022-04-14,On-Time
5930,1259,2021-02-20,9534,2021-02-23,On-Time
5931,2891,2020-09-02,23799,2020-09-03,On-Time
5932,2945,2024-02-14,12350,2024-02-07,Late
5933,2821,2022-05-31,21344,2022-06-01,On-Time
5934,2241,2023-09-30,10293,2023-09-20,Missed
5935,2636,2021-02-04,22219,2021-02-01,Late
5936,1614,2024-06-16,11774,2024-06-10,Late
5937,2845,2022-02-17,22555,2022-02-07,On-Time
5938,1629,2024-08-13,10477,2024-08-05,On-Time
5939,1205,2024-07-11,9984,2024-07-11,On-Time
5940,2268,2024-03-09,6447,2024-03-02,Late
5941,2846,2022-01-26,20319,2022-01-19,On-Time
5942,2792,2022-02-05,3742,2022-02-04,Late
5943,2057,2021-12-10,13482,2021-11-30,Late
5944,1194,2024-08-18,7009,2024-08-16,Late
5945,1509,2020-10-05,8253,2020-09-26,Late
5946,1688,2021-07-08,2054,2021-07-11,Missed
5947,1896,2020-10-27,16908,2020-10-26,Missed
5948,1501,2021-07-23,3479,2021-07-24,On-Time
5949,2967,2022-08-16,4337,2022-08-13,Missed
5950,2662,2021-12-02,14119,2021-11-26,Late
5951,1351,2022-12-10,2615,2022-12-10,Late
5952,2839,2023-05-12,20556,2023-05-15,Missed
5953,2407,2020-02-11,17952,2020-02-02,Late
5954,1221,2023-10-25,8031,2023-10-20,Late
5955,2989,2020-06-29,5897,2020-06-20,Missed
5956,1839,2022-02-13,2971,2022-02-14,Missed
5957,1097,2022-10-25,23037,2022-10-21,On-Time
5958,1870,2024-04-06,13079,2024-04-02,Missed
5959,1359,2021-06-06,18645,2021-06-07,On-Time
5960,1336,2022-07-18,20432,2022-07-20,Late
5961,2037,2022-08-06,11667,2022-08-03,On-Time
5962,1762,2020-12-16,4419,2020-12-11,Missed
5963,1378,2020-03-22,12320,2020-03-25,On-Time
5964,2666,2021-01-08,17244,2021-01-02,On-Time
5965,1247,2023-02-03,13415,2023-02-05,Missed
5966,2694,2023-07-01,16278,2023-07-01,Late
5967,1156,2020-02-24,15936,2020-02-18,Missed
5968,1923,2021-11-21,7928,2021-11-16,Missed
5969,1957,2020-05-14,12779,2020-05-17,On-Time
5970,1931,2020-12-13,9659,2020-12-06,Missed
5971,1833,2020-02-17,12663,2020-02-16,On-Time
5972,2126,2024-04-12,21052,2024-04-07,On-Time
5973,2234,2024-10-22,21376,2024-10-13,Missed
5974,2397,2024-03-06,6827,2024-03-02,Missed
5975,2546,2021-03-09,13276,2021-03-12,Missed
5976,2446,2024-05-20,6201,2024-05-20,Missed
5977,2629,2022-10-07,22094,2022-09-30,Late
5978,1546,2023-09-02,10295,2023-08-26,Missed
5979,1965,2024-01-16,4369,2024-01-13,Missed
5980,2379,2020-01-28,20376,2020-01-30,On-Time
5981,2190,2020-12-22,23504,2020-12-19,Late
5982,2483,2021-11-21,4797,2021-11-22,Late
5983,2067,2024-09-06,15085,2024-09-03,Late
5984,1966,2021-01-24,9518,2021-01-19,Late
5985,2678,2024-08-22,12931,2024-08-19,On-Time
5986,1949,2022-05-31,18284,2022-05-25,Missed
5987,2461,2023-07-07,2716,2023-07-01,On-Time
5988,2992,2021-03-30,3557,2021-03-31,On-Time
5989,1987,2023-12-02,16205,2023-12-04,On-Time
5990,1608,2021-01-02,19132,2020-12-25,On-Time
5991,1042,2023-09-30,21542,2023-09-29,Missed
5992,2255,2023-12-29,5260,2023-12-26,On-Time
5993,2489,2020-11-24,4393,2020-11-21,Late
5994,2255,2023-08-16,18531,2023-08-08,Missed
5995,2057,2021-08-08,16950,2021-08-10,Missed
5996,1392,2021-08-10,16045,2021-08-11,Missed
5997,1111,2024-11-13,16234,2024-11-15,Late
5998,2834,2022-12-07,7789,2022-12-01,Late
5999,2229,2019-12-29,10148,2020-01-01,Missed
6000,2221,2024-06-01,21371,2024-05-27,Missed
6001,2270,2023-04-04,23378,2023-03-30,On-Time
6002,2343,2022-04-28,17599,2022-04-24,Late
6003,1142,2022-08-12,21763,2022-08-02,Late
6004,1579,2021-05-19,17166,2021-05-15,Late
6005,2349,2022-07-12,21566,2022-07-12,Missed
6006,2299,2022-04-03,22332,2022-03-27,Missed
6007,1970,2023-12-06,20566,2023-11-28,On-Time
6008,1920,2020-12-17,4601,2020-12-18,Missed
6009,2988,2020-07-06,13338,2020-07-09,On-Time
6010,2641,2020-06-19,24859,2020-06-15,Late
6011,1875,2020-06-25,20168,2020-06-17,Missed
6012,1738,2021-01-06,20755,2020-12-31,Late
6013,2113,2023-09-01,20428,2023-08-28,Missed
6014,2231,2023-09-19,21224,2023-09-12,Late
6015,2273,2020-03-17,12937,2020-03-16,On-Time
6016,1976,2023-11-18,18726,2023-11-08,Missed
6017,2086,2023-12-19,9394,2023-12-10,Late
6018,1559,2023-10-09,13671,2023-10-11,Missed
6019,1709,2022-04-10,14407,2022-04-03,On-Time
6020,1996,2023-01-24,18531,2023-01-20,Missed
6021,1644,2020-12-11,12087,2020-12-06,Late
6022,2955,2024-04-06,9488,2024-03-28,Late
6023,1228,2020-05-08,16936,2020-05-10,Missed
6024,2497,2023-07-22,10959,2023-07-24,Missed
6025,1669,2022-03-27,6290,2022-03-18,Late
6026,1190,2020-10-23,11622,2020-10-20,On-Time
6027,2116,2024-01-26,20960,2024-01-19,Late
6028,2590,2021-12-04,6773,2021-11-26,Late
6029,2397,2022-05-18,10465,2022-05-10,Missed
6030,1907,2024-02-18,17912,2024-02-13,Missed
6031,2068,2023-09-02,5884,2023-08-24,Late
6032,1403,2020-06-01,2979,2020-06-01,Missed
6033,1660,2021-05-20,4430,2021-05-21,Missed
6034,2387,2023-04-10,8267,2023-04-10,On-Time
6035,1150,2023-12-05,8953,2023-12-02,On-Time
6036,1380,2024-01-06,13815,2024-01-05,On-Time
6037,1880,2023-12-16,14112,2023-12-13,Late
6038,1625,2020-04-19,8528,2020-04-12,On-Time
6039,1810,2023-07-14,10782,2023-07-16,On-Time
6040,2079,2022-01-20,10383,2022-01-23,On-Time
6041,2738,2024-02-10,16664,2024-02-03,On-Time
6042,2273,2024-04-25,6073,2024-04-20,Missed
6043,1552,2021-02-02,9275,2021-01-24,Missed
6044,1413,2023-02-18,9017,2023-02-14,Late
6045,1119,2024-06-21,23290,2024-06-15,Late
6046,1602,2022-12-04,18174,2022-11-25,Missed
6047,1093,2024-02-22,6216,2024-02-24,On-Time
6048,2534,2020-01-27,11421,2020-01-28,On-Time
6049,2286,2021-05-01,12255,2021-04-27,Missed
6050,2964,2023-07-09,15868,2023-07-05,Late
6051,2349,2024-04-17,13050,2024-04-17,On-Time
6052,2333,2022-01-24,18880,2022-01-20,On-Time
6053,2601,2023-10-18,19612,2023-10-13,Missed
6054,1208,2021-02-04,14152,2021-01-30,On-Time
6055,2336,2021-03-26,12726,2021-03-27,Missed
6056,2125,2022-07-02,4879,2022-06-26,On-Time
6057,1483,2021-09-09,24512,2021-09-12,Late
6058,2047,2020-11-21,2984,2020-11-12,On-Time
6059,2399,2023-09-24,18501,2023-09-26,Missed
6060,1942,2021-10-27,20721,2021-10-27,Late
6061,2606,2021-04-22,17076,2021-04-24,Missed
6062,1660,2021-05-28,9041,2021-05-24,On-Time
6063,2129,2024-03-06,21469,2024-03-03,On-Time
6064,1593,2020-03-05,3474,2020-03-07,Late
6065,1658,2022-09-02,17908,2022-09-01,Missed
6066,1149,2020-03-26,24693,2020-03-26,Late
6067,1250,2024-10-22,24857,2024-10-14,Missed
6068,1373,2020-12-07,24813,2020-12-02,On-Time
6069,1911,2020-10-07,10029,2020-10-01,On-Time
6070,1043,2023-01-29,4521,2023-01-28,Missed
6071,2147,2023-12-24,24175,2023-12-14,Late
6072,2212,2024-03-28,20279,2024-03-23,On-Time
6073,1672,2022-05-14,16782,2022-05-16,On-Time
6074,2493,2024-07-25,24617,2024-07-28,On-Time
6075,1986,2020-09-25,16237,2020-09-28,Late
6076,1658,2022-05-09,18866,2022-05-03,On-Time
6077,2650,2021-12-13,24840,2021-12-11,On-Time
6078,2692,2021-06-02,11629,2021-05-26,Late
6079,2383,2022-04-15,21344,2022-04-15,On-Time
6080,1530,2022-11-10,7588,2022-11-10,On-Time
6081,1777,2020-06-14,9497,2020-06-14,Missed
6082,1750,2024-09-01,16968,2024-08-30,On-Time
6083,2390,2022-07-14,6671,2022-07-04,On-Time
6084,2370,2024-09-10,10087,2024-09-04,Late
6085,2284,2022-01-16,9663,2022-01-18,On-Time
6086,2346,2021-09-14,18710,2021-09-12,Late
6087,2355,2020-11-30,11651,2020-12-03,Missed
6088,2003,2020-03-22,13551,2020-03-19,Late
6089,1278,2023-08-25,21616,2023-08-28,On-Time
6090,2374,2024-02-07,11390,2024-02-03,Late
6091,2995,2020-05-03,2979,2020-04-29,Missed
6092,2283,2021-11-23,15278,2021-11-22,Late
6093,2455,2020-06-28,23563,2020-06-20,On-Time
6094,1233,2020-03-02,16373,2020-02-23,Missed
6095,1232,2023-07-25,14178,2023-07-27,Late
6096,2699,2022-06-01,12379,2022-05-22,On-Time
6097,2601,2022-12-23,21028,2022-12-25,On-Time
6098,1344,2021-09-15,16705,2021-09-15,Missed
6099,2545,2021-10-04,3820,2021-10-03,Late
6100,1512,2024-05-24,17727,2024-05-18,On-Time
6101,2548,2023-06-17,20255,2023-06-12,On-Time
6102,2772,2022-12-01,5870,2022-11-28,Missed
6103,1527,2024-07-19,5175,2024-07-10,Missed
6104,2251,2023-09-01,23350,2023-08-29,Late
6105,1973,2023-01-22,22245,2023-01-25,On-Time
6106,2253,2024-10-09,12690,2024-10-01,On-Time
6107,2426,2021-03-27,14062,2021-03-21,Missed
6108,1121,2020-08-21,16097,2020-08-17,On-Time
6109,1977,2021-11-05,12454,2021-11-05,Late
6110,1469,2024-03-08,6560,2024-02-27,Late
6111,1025,2022-07-08,3240,2022-07-06,Missed
6112,1644,2022-04-15,17417,2022-04-05,Late
6113,2776,2020-09-26,5950,2020-09-29,Late
6114,1399,2020-03-16,10873,2020-03-09,Missed
6115,2099,2023-04-05,8733,2023-04-04,Missed
6116,2076,2021-07-21,7519,2021-07-13,Late
6117,2285,2023-07-16,12649,2023-07-19,Late
6118,2584,2021-11-09,10897,2021-10-30,Late
6119,1416,2020-05-31,6209,2020-05-25,Late
6120,1924,2020-11-05,5070,2020-10-30,Late
6121,2573,2023-11-14,4494,2023-11-07,On-Time
6122,1055,2020-06-20,14306,2020-06-12,Late
6123,1316,2022-02-21,14940,2022-02-20,Late
6124,2309,2023-06-10,12632,2023-05-31,Late
6125,1521,2021-09-10,21537,2021-09-02,Late
6126,2732,2024-11-18,14940,2024-11-17,On-Time
6127,1099,2022-01-24,17761,2022-01-25,Missed
6128,1339,2020-12-02,4716,2020-12-01,On-Time
6129,1330,2021-12-08,21903,2021-12-06,Missed
6130,2920,2022-11-13,21877,2022-11-09,On-Time
6131,2618,2020-12-10,13928,2020-12-13,On-Time
6132,2804,2022-03-20,6303,2022-03-21,Late
6133,2428,2021-12-30,21112,2021-12-30,Late
6134,1717,2020-07-31,18429,2020-07-29,Missed
6135,1882,2020-05-10,8615,2020-05-03,Missed
6136,2724,2024-01-15,20987,2024-01-07,On-Time
6137,1532,2024-07-16,2331,2024-07-12,Missed
6138,2042,2020-10-27,13586,2020-10-20,Late
6139,2091,2021-08-21,2555,2021-08-17,Missed
6140,2145,2020-01-18,19980,2020-01-08,Missed
6141,1615,2024-02-18,10058,2024-02-18,Late
6142,2790,2020-11-11,13700,2020-11-08,Missed
6143,1076,2023-11-09,23583,2023-11-06,Missed
6144,1053,2020-10-19,7411,2020-10-14,Missed
6145,2216,2024-08-22,10711,2024-08-14,Late
6146,1353,2022-05-26,22702,2022-05-23,On-Time
6147,1494,2021-12-20,5168,2021-12-19,Late
6148,2273,2020-06-03,15721,2020-06-03,On-Time
6149,2946,2024-10-26,17865,2024-10-22,Missed
6150,2287,2023-04-09,17958,2023-04-04,Late
6151,1022,2023-02-04,13723,2023-01-26,Late
6152,2149,2024-12-30,20720,2024-12-27,On-Time
6153,2673,2024-10-15,22943,2024-10-18,On-Time
6154,1730,2023-03-06,12324,2023-03-05,Late
6155,1453,2021-10-05,14801,2021-10-07,On-Time
6156,1302,2022-12-04,24858,2022-12-05,Late
6157,2153,2021-01-17,5029,2021-01-19,Late
6158,1860,2023-09-04,6481,2023-09-02,On-Time
6159,1318,2021-12-14,21685,2021-12-13,Late
6160,1684,2021-04-30,23036,2021-04-26,On-Time
6161,1271,2023-05-25,18097,2023-05-28,On-Time
6162,1203,2024-04-07,4859,2024-04-02,Late
6163,2221,2023-05-23,21794,2023-05-14,On-Time
6164,2621,2020-04-01,3972,2020-04-02,Late
6165,2118,2024-07-04,10768,2024-07-02,Missed
6166,2226,2022-06-23,24735,2022-06-19,On-Time
6167,2640,2024-04-11,8298,2024-04-06,Missed
6168,1081,2021-09-22,2124,2021-09-17,Missed
6169,2028,2022-08-10,4823,2022-08-12,On-Time
6170,2608,2023-09-17,11569,2023-09-09,Missed
6171,2424,2020-02-06,23781,2020-02-01,Missed
6172,2076,2022-08-25,15733,2022-08-17,Missed
6173,1250,2023-12-05,16219,2023-12-07,On-Time
6174,1499,2023-08-28,2430,2023-08-23,On-Time
6175,1311,2023-05-22,3534,2023-05-13,On-Time
6176,1474,2024-04-24,7668,2024-04-23,On-Time
6177,2669,2023-09-09,7827,2023-09-07,Missed
6178,2939,2022-08-03,15790,2022-08-06,Late
6179,2051,2022-05-12,4997,2022-05-06,Missed
6180,2165,2021-11-10,23894,2021-10-31,Missed
6181,2983,2024-11-20,10599,2024-11-12,Missed
6182,2515,2022-02-18,19194,2022-02-13,Late
6183,2233,2022-11-22,14408,2022-11-12,Late
6184,1767,2020-05-28,11971,2020-05-28,Missed
6185,1633,2023-05-23,24657,2023-05-14,Late
6186,2284,2020-08-10,11457,2020-08-06,Late
6187,2835,2023-10-20,6730,2023-10-11,On-Time
6188,2362,2020-04-29,5544,2020-04-27,Missed
6189,1048,2023-09-08,22736,2023-08-31,On-Time
6190,2034,2020-07-30,8738,2020-07-29,Late
6191,1825,2020-05-31,11252,2020-05-23,Late
6192,1057,2023-12-31,15180,2023-12-31,Missed
6193,1707,2022-03-29,15258,2022-03-28,Missed
6194,2386,2024-01-02,19345,2024-01-05,On-Time
6195,2768,2021-07-11,15149,2021-07-07,Late
6196,1721,2020-06-23,7550,2020-06-17,Late
6197,2656,2023-09-25,8637,2023-09-15,Late
6198,2365,2021-07-11,18568,2021-07-05,Missed
6199,1315,2021-12-30,12699,2021-12-22,On-Time
6200,1976,2020-08-19,20126,2020-08-22,Missed
6201,1283,2020-05-11,5861,2020-05-12,Missed
6202,2020,2022-12-29,22611,2022-12-22,Missed
6203,2823,2024-07-13,10625,2024-07-12,Missed
6204,2333,2024-02-28,20934,2024-02-27,Late
6205,2133,2020-06-17,16988,2020-06-11,On-Time
6206,1600,2022-09-02,14012,2022-09-01,On-Time
6207,1122,2024-04-12,6595,2024-04-06,On-Time
6208,1528,2022-02-27,6370,2022-03-02,Missed
6209,2107,2022-12-04,3711,2022-12-07,Late
6210,2825,2024-09-05,16087,2024-09-05,Missed
6211,1467,2022-06-16,15207,2022-06-18,Late
6212,2042,2024-08-12,6623,2024-08-14,Late
6213,1550,2024-09-17,23354,2024-09-18,Missed
6214,2143,2020-03-02,7114,2020-02-29,On-Time
6215,1294,2020-09-26,5670,2020-09-21,Late
6216,1906,2024-04-11,12305,2024-04-01,Late
6217,1544,2020-07-23,14226,2020-07-13,On-Time
6218,1434,2021-12-19,12085,2021-12-14,Missed
6219,1416,2022-01-29,9356,2022-01-31,Missed
6220,1215,2020-11-15,15866,2020-11-05,Missed
6221,2110,2024-01-16,16429,2024-01-13,Missed
6222,2813,2024-09-20,4060,2024-09-21,Late
6223,1107,2023-03-11,4244,2023-03-01,On-Time
6224,2353,2024-05-12,20477,2024-05-15,Late
6225,1956,2022-02-14,2682,2022-02-16,On-Time
6226,1315,2021-09-14,6940,2021-09-11,Late
6227,2081,2020-01-29,5390,2020-01-22,On-Time
6228,1713,2024-01-30,7833,2024-01-31,Missed
6229,2473,2021-10-28,9839,2021-10-26,Late
6230,2782,2024-11-21,5675,2024-11-20,On-Time
6231,1275,2020-01-31,6012,2020-01-28,On-Time
6232,2590,2023-07-04,12198,2023-06-24,On-Time
6233,1895,2022-02-03,21965,2022-02-03,Missed
6234,2718,2020-11-05,17134,2020-10-29,On-Time
6235,1601,2024-11-15,19832,2024-11-15,Missed
6236,1886,2024-02-08,7280,2024-02-10,Late
6237,1214,2024-03-29,16367,2024-03-19,Missed
6238,2489,2023-07-29,16076,2023-07-25,Missed
6239,2466,2020-07-11,24805,2020-07-08,Missed
6240,2753,2022-02-15,10595,2022-02-16,Late
6241,1964,2024-06-16,24075,2024-06-08,Late
6242,2231,2023-12-07,9644,2023-12-09,Late
6243,2623,2020-06-13,20343,2020-06-05,On-Time
6244,1248,2022-04-30,10970,2022-04-23,Missed
6245,2928,2023-04-23,5045,2023-04-22,Missed
6246,1201,2020-08-01,7002,2020-07-24,Missed
6247,1539,2024-12-23,7364,2024-12-24,Missed
6248,1613,2023-08-12,21202,2023-08-08,Late
6249,1837,2021-06-01,12182,2021-05-25,On-Time
6250,2298,2021-02-02,7816,2021-02-02,Late
6251,2903,2021-09-20,11815,2021-09-12,Late
6252,2351,2022-09-10,4532,2022-09-08,Late
6253,1617,2024-01-31,14543,2024-01-31,Missed
6254,1854,2021-10-23,2648,2021-10-22,On-Time
6255,1609,2022-08-29,24021,2022-08-22,Late
6256,2035,2022-12-25,18082,2022-12-27,Late
6257,2287,2024-06-29,4356,2024-06-27,On-Time
6258,2569,2024-05-12,18580,2024-05-14,Missed
6259,2907,2020-03-12,23286,2020-03-11,On-Time
6260,1265,2024-06-06,24790,2024-06-07,Missed
6261,1672,2021-10-17,22090,2021-10-13,On-Time
6262,2814,2021-09-22,17514,2021-09-22,On-Time
6263,2147,2024-05-06,15216,2024-05-09,On-Time
6264,2522,2023-04-28,8942,2023-04-30,On-Time
6265,1954,2022-08-17,24178,2022-08-20,Missed
6266,1031,2024-09-07,20585,2024-09-08,Missed
6267,1074,2024-08-19,20927,2024-08-16,Late
6268,2136,2020-12-28,7716,2020-12-26,Late
6269,1666,2021-10-15,3224,2021-10-17,Missed
6270,2775,2021-07-07,8942,2021-06-27,On-Time
6271,1757,2021-09-20,19247,2021-09-10,Missed
6272,1383,2021-06-03,20947,2021-05-25,Late
6273,1779,2022-02-17,17409,2022-02-17,On-Time
6274,2895,2023-03-25,13861,2023-03-25,Missed
6275,2226,2023-07-25,15321,2023-07-20,Late
6276,1864,2021-01-03,22583,2020-12-28,Missed
6277,2399,2024-06-28,2136,2024-06-26,Missed
6278,2348,2022-03-18,6794,2022-03-19,On-Time
6279,1879,2021-11-27,21835,2021-11-23,Late
6280,1509,2020-06-28,9635,2020-06-28,On-Time
6281,2198,2024-10-19,2715,2024-10-12,Missed
6282,2199,2024-05-04,7906,2024-05-01,Late
6283,1621,2020-03-23,5420,2020-03-15,Missed
6284,2977,2021-12-28,5716,2021-12-29,Late
6285,1384,2024-08-12,7367,2024-08-13,Missed
6286,2813,2021-03-22,22555,2021-03-21,On-Time
6287,1733,2022-11-10,18321,2022-11-06,Missed
6288,2499,2023-02-14,5639,2023-02-06,Missed
6289,2737,2020-06-02,9569,2020-05-27,Missed
6290,1201,2021-05-30,16506,2021-05-26,Missed
6291,1718,2022-10-13,17968,2022-10-06,On-Time
6292,1653,2023-03-11,22002,2023-03-06,On-Time
6293,2268,2022-09-04,18424,2022-08-26,On-Time
6294,1630,2022-04-15,14341,2022-04-09,Late
6295,1795,2024-07-13,15661,2024-07-15,On-Time
6296,1912,2020-04-27,21135,2020-04-24,Missed
6297,2834,2024-05-09,10162,2024-05-10,On-Time
6298,2970,2022-02-10,8009,2022-02-02,Late
6299,2856,2021-05-22,9930,2021-05-20,On-Time
6300,1122,2020-09-17,17753,2020-09-17,On-Time
6301,2617,2020-01-26,8098,2020-01-21,Missed
6302,1694,2023-07-13,18628,2023-07-07,Late
6303,2726,2021-08-18,2271,2021-08-09,Late
6304,2791,2020-08-31,17346,2020-09-02,On-Time
6305,2433,2023-04-22,18306,2023-04-20,Late
6306,1258,2020-06-07,4730,2020-06-10,On-Time
6307,2535,2021-03-03,14607,2021-03-02,Late
6308,1347,2024-07-29,10123,2024-07-30,Missed
6309,1823,2020-06-26,6255,2020-06-28,Late
6310,1454,2020-01-20,13233,2020-01-23,Missed
6311,2127,2022-09-02,8227,2022-09-02,Late
6312,1488,2023-07-26,4667,2023-07-29,Late
6313,1794,2020-09-30,5980,2020-10-01,On-Time
6314,2818,2022-09-06,24573,2022-08-29,Missed
6315,1889,2024-07-25,10360,2024-07-17,On-Time
6316,1564,2023-01-22,2048,2023-01-19,On-Time
6317,2521,2024-11-07,8470,2024-10-29,Late
6318,2158,2021-09-15,4960,2021-09-14,Late
6319,2944,2020-02-02,2100,2020-01-31,Missed
6320,2879,2023-02-08,21415,2023-01-31,Missed
6321,1855,2020-04-17,9739,2020-04-19,Missed
6322,2815,2024-05-30,4604,2024-05-27,Late
6323,1426,2024-06-24,8302,2024-06-17,On-Time
6324,1240,2020-04-02,16702,2020-03-24,Missed
6325,1776,2021-01-18,10204,2021-01-15,Late
6326,1540,2021-06-08,21596,2021-06-10,Late
6327,2874,2020-03-26,12302,2020-03-23,Late
6328,2916,2023-01-30,6899,2023-01-27,On-Time
6329,2556,2024-08-14,20494,2024-08-14,Late
6330,1946,2023-06-23,9940,2023-06-16,Late
6331,2664,2020-02-17,11780,2020-02-09,Missed
6332,2496,2024-09-18,10604,2024-09-08,Late
6333,2374,2021-03-09,15921,2021-03-01,On-Time
6334,1021,2022-04-03,5747,2022-03-25,On-Time
6335,2175,2023-04-25,9706,2023-04-23,On-Time
6336,1870,2021-09-08,15065,2021-09-10,Missed
6337,1469,2022-11-04,15069,2022-10-31,Late
6338,1889,2021-01-08,17053,2020-12-30,Late
6339,1599,2023-07-01,12773,2023-06-24,Missed
6340,2267,2022-02-16,9434,2022-02-09,Missed
6341,2386,2022-01-27,22182,2022-01-30,Missed
6342,1876,2023-06-14,22202,2023-06-09,Missed
6343,2409,2024-02-15,14174,2024-02-08,On-Time
6344,2329,2021-01-18,16370,2021-01-09,On-Time
6345,1246,2021-06-05,15170,2021-06-04,On-Time
6346,2492,2023-06-08,11125,2023-05-30,Missed
6347,1669,2024-10-15,17858,2024-10-11,Missed
6348,2153,2023-08-20,10024,2023-08-22,Late
6349,2611,2022-06-11,4070,2022-06-08,On-Time
6350,1885,2023-06-09,11726,2023-05-30,Late
6351,2675,2024-02-22,9804,2024-02-23,Missed
6352,2099,2022-02-24,4370,2022-02-17,On-Time
6353,2553,2021-05-15,19631,2021-05-06,On-Time
6354,1219,2022-04-12,8625,2022-04-10,On-Time
6355,2955,2023-01-20,14604,2023-01-21,Missed
6356,2944,2021-03-12,15945,2021-03-11,Late
6357,1016,2023-01-22,24315,2023-01-23,Missed
6358,2216,2024-02-04,3577,2024-02-07,On-Time
6359,2548,2023-11-20,2187,2023-11-13,Late
6360,1637,2024-12-16,9754,2024-12-06,Late
6361,2941,2024-03-01,13153,2024-03-03,Missed
6362,2335,2020-09-17,23042,2020-09-18,Late
6363,2375,2023-01-13,17152,2023-01-06,Late
6364,2357,2020-04-03,6290,2020-04-05,Missed
6365,2705,2020-07-30,2552,2020-07-30,On-Time
6366,2094,2022-03-12,18966,2022-03-13,Missed
6367,2678,2021-04-30,9545,2021-04-22,Missed
6368,2934,2022-02-03,11241,2022-01-29,On-Time
6369,2685,2024-07-13,4730,2024-07-09,On-Time
6370,1077,2020-09-16,9489,2020-09-10,On-Time
6371,2736,2022-03-21,12606,2022-03-11,On-Time
6372,2877,2023-03-27,20189,2023-03-30,Missed
6373,1186,2021-09-21,14375,2021-09-13,On-Time
6374,1378,2021-07-13,5676,2021-07-04,On-Time
6375,1256,2021-02-27,21625,2021-02-25,Missed
6376,2520,2022-06-04,11682,2022-05-25,Late
6377,2243,2023-04-05,14726,2023-03-28,On-Time
6378,1935,2024-02-12,17948,2024-02-13,On-Time
6379,1899,2023-10-01,12682,2023-09-30,On-Time
6380,2408,2021-06-22,21711,2021-06-19,Missed
6381,2695,2020-03-15,13271,2020-03-09,Late
6382,2653,2024-05-22,7983,2024-05-23,Late
6383,1720,2021-06-21,20793,2021-06-18,Late
6384,2137,2020-04-01,19946,2020-03-23,Late
6385,2379,2023-07-01,9705,2023-06-24,Late
6386,2140,2025-01-03,19968,2024-12-28,Missed
6387,1518,2022-11-30,2590,2022-11-23,Missed
6388,1215,2021-08-27,13882,2021-08-27,Late
6389,1490,2023-07-22,7163,2023-07-21,Late
6390,2320,2024-09-16,18215,2024-09-12,On-Time
6391,2755,2024-08-30,10332,2024-08-30,On-Time
6392,1070,2024-06-13,12962,2024-06-16,On-Time
6393,1444,2021-02-26,6679,2021-02-25,Missed
6394,2176,2020-12-09,14245,2020-12-04,On-Time
6395,1440,2023-06-15,22647,2023-06-14,Late
6396,1672,2024-09-09,11374,2024-09-02,On-Time
6397,2613,2021-09-15,10116,2021-09-06,Late
6398,1198,2021-10-12,16607,2021-10-07,On-Time
6399,1183,2022-12-01,7049,2022-12-01,Missed
6400,1542,2023-12-20,16336,2023-12-22,Late
6401,1080,2023-03-25,17614,2023-03-20,Late
6402,2958,2022-09-23,21673,2022-09-21,Missed
6403,1823,2024-03-05,16251,2024-02-26,Late
6404,2014,2021-05-13,15949,2021-05-11,On-Time
6405,1034,2020-09-30,15436,2020-09-22,Missed
6406,2376,2024-11-11,23570,2024-11-06,Missed
6407,2834,2020-07-31,17621,2020-07-27,On-Time
6408,1551,2023-07-24,9029,2023-07-19,On-Time
6409,1694,2024-03-14,24315,2024-03-12,Missed
6410,1997,2021-06-28,20157,2021-07-01,Missed
6411,2105,2020-06-26,16283,2020-06-19,Missed
6412,1075,2020-10-26,14345,2020-10-28,On-Time
6413,2516,2024-05-02,14063,2024-04-22,On-Time
6414,1459,2021-01-06,12079,2021-01-05,On-Time
6415,2535,2024-11-07,24109,2024-11-07,Late
6416,1474,2023-04-27,3370,2023-04-25,On-Time
6417,2555,2021-10-03,7500,2021-10-01,On-Time
6418,2548,2024-09-05,19643,2024-09-08,On-Time
6419,1936,2022-12-01,24249,2022-12-02,On-Time
6420,2839,2020-01-29,4754,2020-01-29,Missed
6421,2557,2022-01-10,12676,2022-01-05,Late
6422,2952,2023-10-29,15019,2023-10-22,Missed
6423,1465,2023-12-10,13179,2023-11-30,On-Time
6424,2338,2021-02-26,18431,2021-02-23,Late
6425,2154,2024-09-05,13186,2024-08-29,Missed
6426,1205,2024-02-10,18707,2024-02-01,Late
6427,1818,2020-08-09,24095,2020-08-10,Late
6428,2782,2023-04-25,9675,2023-04-17,Late
6429,2945,2020-10-18,3182,2020-10-20,On-Time
6430,2436,2024-08-31,24102,2024-08-23,Missed
6431,2186,2020-04-27,11155,2020-04-21,Late
6432,2945,2024-04-21,3542,2024-04-16,Missed
6433,1249,2024-12-14,2859,2024-12-14,Missed
6434,1658,2020-01-20,23221,2020-01-19,On-Time
6435,2598,2020-04-26,24741,2020-04-20,Missed
6436,1884,2023-10-25,12192,2023-10-26,Late
6437,2978,2021-01-15,13498,2021-01-13,Missed
6438,2769,2023-08-16,21094,2023-08-10,Missed
6439,2749,2024-05-12,8440,2024-05-06,Late
6440,1836,2022-09-03,8048,2022-08-31,On-Time
6441,1102,2022-07-04,5907,2022-06-27,Missed
6442,1486,2020-12-14,9293,2020-12-06,Late
6443,2390,2021-08-15,13947,2021-08-12,Missed
6444,1541,2021-02-10,4667,2021-02-03,On-Time
6445,1839,2023-08-13,6406,2023-08-09,Missed
6446,2922,2020-08-12,15058,2020-08-12,Late
6447,1617,2021-09-22,9470,2021-09-12,On-Time
6448,2769,2023-09-28,2870,2023-09-18,On-Time
6449,2728,2021-02-13,12070,2021-02-04,Late
6450,1596,2021-07-24,16996,2021-07-22,On-Time
6451,1684,2024-11-11,7421,2024-11-03,Late
6452,1889,2022-04-10,8883,2022-04-02,On-Time
6453,2631,2020-04-22,16537,2020-04-23,On-Time
6454,1660,2024-07-29,8650,2024-08-01,On-Time
6455,1075,2023-08-20,24790,2023-08-23,On-Time
6456,2276,2020-12-17,2943,2020-12-08,On-Time
6457,1792,2024-03-17,2911,2024-03-10,Missed
6458,2622,2020-11-25,17900,2020-11-17,Late
6459,2553,2024-06-03,20095,2024-05-30,Late
6460,2809,2022-07-10,2211,2022-07-06,On-Time
6461,1114,2020-01-30,18197,2020-01-29,Missed
6462,2878,2023-02-21,17667,2023-02-12,On-Time
6463,1517,2023-05-01,9146,2023-04-25,Late
6464,2059,2023-09-09,9745,2023-09-12,Late
6465,1985,2022-12-09,22401,2022-12-11,Late
6466,1654,2020-11-18,16342,2020-11-10,Late
6467,1932,2022-01-13,18996,2022-01-05,On-Time
6468,1758,2022-05-19,3385,2022-05-18,Late
6469,1057,2023-01-23,19125,2023-01-21,Late
6470,2051,2022-04-19,21839,2022-04-15,Late
6471,1283,2023-03-19,21092,2023-03-17,Missed
6472,2796,2020-07-28,4661,2020-07-28,On-Time
6473,1875,2021-10-21,22267,2021-10-21,Late
6474,2872,2020-12-11,18485,2020-12-11,Missed
6475,1352,2020-06-25,15075,2020-06-23,On-Time
6476,1266,2021-08-05,17498,2021-08-02,Late
6477,2818,2022-01-27,15316,2022-01-23,Late
6478,2269,2023-11-26,13004,2023-11-24,On-Time
6479,2426,2022-02-23,18642,2022-02-20,Missed
6480,1720,2020-06-06,19861,2020-05-30,On-Time
6481,2340,2020-04-29,18916,2020-05-02,Missed
6482,1388,2023-10-09,3819,2023-10-05,Late
6483,1065,2020-12-14,12719,2020-12-04,Late
6484,2159,2023-09-28,10891,2023-09-24,On-Time
6485,2503,2021-08-29,11898,2021-08-19,On-Time
6486,2629,2023-12-21,6446,2023-12-11,On-Time
6487,2297,2023-07-02,18241,2023-06-24,Late
6488,2683,2023-02-02,21457,2023-01-30,Missed
6489,2790,2020-01-29,21631,2020-01-31,Missed
6490,2995,2021-04-07,10731,2021-04-10,On-Time
6491,1309,2023-05-09,5669,2023-05-12,Late
6492,1633,2024-06-11,5801,2024-06-04,On-Time
6493,2871,2021-12-21,13636,2021-12-17,Late
6494,2436,2022-05-03,3321,2022-05-06,Late
6495,2675,2020-09-03,5023,2020-08-28,Missed
6496,1447,2022-04-11,13764,2022-04-06,Missed
6497,1808,2022-02-24,5934,2022-02-21,Missed
6498,1563,2021-08-07,24976,2021-08-08,Late
6499,1708,2020-09-18,2753,2020-09-10,Missed
6500,1026,2024-04-18,10667,2024-04-11,Late
6501,1463,2021-03-09,18136,2021-03-11,Missed
6502,1958,2020-07-09,15226,2020-07-03,On-Time
6503,2182,2023-11-14,22266,2023-11-10,Late
6504,2957,2022-02-09,12140,2022-02-02,Late
6505,2671,2022-09-25,19091,2022-09-22,Late
6506,1838,2022-04-09,13920,2022-04-08,Late
6507,1685,2020-04-24,6182,2020-04-26,On-Time
6508,1605,2023-10-14,21514,2023-10-11,Late
6509,2414,2023-09-28,4464,2023-09-27,Late
6510,2436,2020-12-07,18939,2020-12-05,Late
6511,2672,2020-06-28,12178,2020-06-24,Missed
6512,1849,2023-05-22,4803,2023-05-18,Late
6513,2248,2024-09-23,3159,2024-09-15,Missed
6514,2302,2023-02-01,20515,2023-01-27,Late
6515,2575,2024-12-03,23958,2024-11-26,Late
6516,1001,2024-03-07,10406,2024-03-04,On-Time
6517,2963,2022-07-24,6763,2022-07-25,On-Time
6518,2361,2021-11-23,15553,2021-11-24,Late
6519,1103,2020-04-26,17072,2020-04-23,On-Time
6520,1416,2023-01-01,16917,2022-12-28,Missed
6521,2923,2020-11-21,16220,2020-11-13,On-Time
6522,1687,2021-01-14,12648,2021-01-11,Late
6523,1258,2024-04-20,15000,2024-04-17,On-Time
6524,2231,2020-04-06,3567,2020-04-03,Missed
6525,1107,2024-09-07,3223,2024-09-08,Missed
6526,2826,2021-09-08,18275,2021-09-09,On-Time
6527,1945,2020-09-22,2150,2020-09-24,On-Time
6528,2753,2024-03-24,14246,2024-03-26,On-Time
6529,2031,2021-08-05,4338,2021-08-01,On-Time
6530,1386,2020-07-17,22713,2020-07-13,Late
6531,2280,2023-09-09,7526,2023-09-11,On-Time
6532,1866,2022-11-08,21329,2022-11-07,On-Time
6533,1291,2020-01-06,7583,2020-01-08,Missed
6534,2111,2022-06-27,16151,2022-06-24,On-Time
6535,1003,2023-08-22,23914,2023-08-17,On-Time
6536,2953,2021-09-12,23020,2021-09-14,Missed
6537,1032,2024-12-17,6673,2024-12-20,Late
6538,1438,2021-10-12,20160,2021-10-11,Missed
6539,1896,2024-07-15,24081,2024-07-08,Missed
6540,1116,2024-03-30,6033,2024-03-20,Late
6541,1225,2024-05-16,22207,2024-05-12,Late
6542,1997,2022-11-10,13050,2022-11-07,Late
6543,1988,2022-09-01,23336,2022-08-23,Late
6544,2273,2022-11-26,2964,2022-11-26,Missed
6545,2921,2021-11-14,7320,2021-11-09,Missed
6546,1811,2023-05-02,8969,2023-04-22,Late
6547,1373,2022-08-05,22904,2022-07-27,On-Time
6548,1964,2022-02-23,3506,2022-02-21,Missed
6549,2968,2022-06-29,19913,2022-06-30,Missed
6550,1887,2024-03-17,3664,2024-03-10,Missed
6551,2982,2023-09-26,18459,2023-09-28,On-Time
6552,2940,2022-05-01,9794,2022-04-30,Missed
6553,2075,2024-06-15,13477,2024-06-16,Late
6554,1382,2021-05-09,14743,2021-04-30,Missed
6555,1425,2020-12-05,24262,2020-11-28,Late
6556,2997,2020-01-29,20790,2020-01-24,Late
6557,1185,2021-04-09,22083,2021-04-02,Missed
6558,2991,2021-10-01,8960,2021-09-29,On-Time
6559,1479,2022-04-14,22730,2022-04-13,Late
6560,2273,2020-09-08,2492,2020-09-01,Late
6561,1923,2021-06-27,2455,2021-06-30,Missed
6562,1093,2024-11-18,6893,2024-11-09,Missed
6563,2290,2021-03-26,10315,2021-03-20,Late
6564,2327,2020-01-18,20050,2020-01-18,On-Time
6565,1891,2021-06-01,6591,2021-05-26,Missed
6566,1202,2024-06-30,21229,2024-06-26,Missed
6567,2526,2020-02-09,17897,2020-02-01,Late
6568,2079,2020-11-22,13650,2020-11-17,Missed
6569,2318,2021-05-08,9963,2021-05-10,Late
6570,1468,2021-02-24,8213,2021-02-18,On-Time
6571,1141,2021-08-18,6566,2021-08-10,Missed
6572,1858,2021-11-29,23266,2021-11-19,Late
6573,2795,2024-11-08,7427,2024-11-10,Late
6574,1021,2020-10-30,13200,2020-10-22,On-Time
6575,1905,2020-03-26,21592,2020-03-25,On-Time
6576,1607,2023-06-05,21232,2023-06-05,Late
6577,2896,2023-02-28,12288,2023-02-23,Missed
6578,1185,2020-11-29,20984,2020-11-28,Late
6579,2448,2023-05-03,5495,2023-04-26,On-Time
6580,2752,2023-07-16,20728,2023-07-09,On-Time
6581,2881,2020-05-27,8304,2020-05-20,Late
6582,1734,2022-07-15,24576,2022-07-17,Late
6583,2083,2024-06-28,6331,2024-06-21,On-Time
6584,2383,2020-10-03,22633,2020-10-01,Late
6585,2349,2020-03-18,7098,2020-03-08,On-Time
6586,1161,2021-04-12,4216,2021-04-12,Late
6587,2920,2023-09-19,24591,2023-09-22,On-Time
6588,1751,2024-06-30,24692,2024-06-24,Missed
6589,1414,2021-09-11,23997,2021-09-01,Late
6590,2673,2021-03-13,15930,2021-03-06,Late
6591,1501,2023-03-19,20845,2023-03-22,Late
6592,2979,2021-04-02,20266,2021-03-26,Late
6593,1198,2022-05-20,6497,2022-05-19,On-Time
6594,2836,2024-09-07,10035,2024-09-05,Missed
6595,2875,2023-10-28,5540,2023-10-20,Missed
6596,1536,2022-03-24,7987,2022-03-19,Late
6597,1221,2023-10-26,23612,2023-10-24,Missed
6598,1998,2022-06-22,2473,2022-06-24,Late
6599,1375,2023-11-07,23797,2023-11-07,Missed
6600,1059,2024-05-21,15478,2024-05-15,Missed
6601,2565,2022-12-03,8643,2022-11-27,On-Time
6602,1647,2022-10-03,13054,2022-10-02,Late
6603,2468,2020-01-13,24490,2020-01-10,On-Time
6604,1278,2020-08-05,11463,2020-07-26,Missed
6605,1089,2023-04-11,9988,2023-04-02,On-Time
6606,1387,2024-09-03,24125,2024-09-01,Late
6607,2502,2020-12-30,22285,2020-12-23,On-Time
6608,1376,2023-04-13,20095,2023-04-15,Missed
6609,2632,2022-04-02,19504,2022-03-24,Late
6610,1972,2021-08-06,16032,2021-08-03,Late
6611,2061,2024-04-13,2609,2024-04-15,On-Time
6612,1371,2021-08-14,3598,2021-08-17,Missed
6613,1428,2024-07-12,3033,2024-07-14,Late
6614,1296,2022-03-18,17580,2022-03-16,Missed
6615,2155,2021-06-03,2097,2021-06-06,Missed
6616,1026,2024-04-30,22449,2024-05-02,On-Time
6617,1819,2020-05-13,9578,2020-05-15,Late
6618,2208,2023-03-26,19307,2023-03-24,Late
6619,1680,2024-05-06,18934,2024-05-05,On-Time
6620,2917,2020-08-09,14977,2020-08-11,Missed
6621,2931,2021-08-11,12510,2021-08-08,Late
6622,1746,2023-09-10,2155,2023-08-31,On-Time
6623,2554,2023-01-21,17704,2023-01-21,On-Time
6624,1889,2020-02-17,3928,2020-02-17,On-Time
6625,2898,2024-01-18,13491,2024-01-18,Missed
6626,1700,2023-03-19,5339,2023-03-12,Late
6627,2778,2024-01-31,15797,2024-01-29,Missed
6628,2489,2021-02-10,12711,2021-02-12,On-Time
6629,1356,2024-09-30,19912,2024-09-24,Missed
6630,1417,2020-10-15,13659,2020-10-10,Missed
6631,1056,2022-09-04,23229,2022-09-01,Missed
6632,2228,2022-12-27,10024,2022-12-19,Missed
6633,2070,2024-05-24,8032,2024-05-25,On-Time
6634,2905,2022-01-17,22294,2022-01-07,Missed
6635,1726,2023-04-18,16317,2023-04-17,On-Time
6636,2985,2021-05-11,19218,2021-05-10,Late
6637,2700,2021-06-19,20223,2021-06-18,Late
6638,1256,2022-05-13,9501,2022-05-14,Missed
6639,2891,2022-04-01,4109,2022-03-29,On-Time
6640,1553,2022-03-06,16595,2022-03-07,Missed
6641,1027,2021-11-02,22526,2021-11-05,Late
6642,1015,2023-05-04,4412,2023-04-27,On-Time
6643,1415,2022-10-30,11779,2022-10-30,Late
6644,1991,2021-05-23,7512,2021-05-24,On-Time
6645,1854,2024-10-15,19285,2024-10-11,Late
6646,2066,2020-08-20,21116,2020-08-13,Missed
6647,1048,2022-10-24,11564,2022-10-23,On-Time
6648,2735,2022-04-27,15555,2022-04-23,On-Time
6649,1570,2024-10-30,10400,2024-10-25,Missed
6650,2181,2020-11-10,19571,2020-11-12,On-Time
6651,2793,2022-03-25,18890,2022-03-17,On-Time
6652,2577,2020-01-24,19178,2020-01-22,Late
6653,2663,2023-12-08,20474,2023-12-02,Late
6654,2661,2023-04-30,15080,2023-04-20,Late
6655,2650,2023-12-07,21195,2023-12-02,Missed
6656,1744,2020-12-10,9657,2020-12-11,Missed
6657,2497,2024-09-30,4548,2024-09-23,Late
6658,2071,2022-01-15,22539,2022-01-12,Late
6659,2622,2021-03-13,13490,2021-03-06,Missed
6660,2779,2020-01-18,4714,2020-01-15,Missed
6661,2110,2021-09-20,21253,2021-09-11,Missed
6662,1832,2023-12-30,18293,2024-01-02,On-Time
6663,1237,2022-03-10,15986,2022-03-11,On-Time
6664,2109,2021-11-16,10131,2021-11-07,Late
6665,2120,2020-05-15,17336,2020-05-05,On-Time
6666,2786,2021-07-23,7948,2021-07-23,On-Time
6667,1892,2022-12-11,17439,2022-12-01,Missed
6668,1683,2021-06-03,20464,2021-05-27,On-Time
6669,2066,2023-06-15,3260,2023-06-06,On-Time
6670,2960,2023-10-03,3384,2023-10-05,On-Time
6671,2906,2022-09-18,24386,2022-09-11,Missed
6672,2975,2023-10-16,15489,2023-10-11,Late
6673,2937,2024-02-13,8396,2024-02-16,Missed
6674,2788,2022-09-19,20826,2022-09-21,Late
6675,1005,2022-03-19,23259,2022-03-17,Late
6676,2606,2024-01-23,8693,2024-01-19,Late
6677,1153,2023-02-09,21885,2023-02-10,On-Time
6678,2238,2023-05-31,23115,2023-05-24,Missed
6679,1413,2024-03-13,10544,2024-03-16,Late
6680,2702,2020-06-29,20980,2020-06-27,Late
6681,2968,2024-10-16,2227,2024-10-14,Missed
6682,2465,2023-04-10,5491,2023-04-08,On-Time
6683,1156,2022-12-10,20139,2022-11-30,Missed
6684,2425,2024-07-18,16753,2024-07-12,Missed
6685,2909,2021-03-04,4242,2021-03-03,On-Time
6686,1703,2022-05-12,17971,2022-05-04,Late
6687,2188,2020-08-16,21838,2020-08-08,On-Time
6688,1738,2024-10-03,19070,2024-10-03,Late
6689,2347,2023-07-10,2430,2023-06-30,Missed
6690,2186,2021-01-18,7524,2021-01-09,Missed
6691,1601,2020-12-08,13631,2020-11-28,Late
6692,1699,2023-11-09,3628,2023-10-31,On-Time
6693,2578,2024-04-05,20683,2024-04-01,Missed
6694,1422,2020-04-12,2600,2020-04-10,Late
6695,2191,2022-04-28,18644,2022-04-21,Late
6696,1267,2022-09-24,3600,2022-09-26,Missed
6697,1207,2020-02-17,17965,2020-02-16,On-Time
6698,2646,2021-09-05,2797,2021-08-27,Late
6699,1727,2024-05-27,18567,2024-05-26,Missed
6700,2641,2023-06-05,13070,2023-05-31,Missed
6701,1171,2024-05-14,2092,2024-05-12,On-Time
6702,1591,2021-01-30,22774,2021-01-26,Missed
6703,2043,2022-01-04,3190,2022-01-03,Missed
6704,1555,2024-01-14,16370,2024-01-06,Late
6705,1270,2020-11-13,18612,2020-11-08,Missed
6706,2337,2024-08-28,11274,2024-08-29,On-Time
6707,2845,2020-12-30,13980,2020-12-20,Late
6708,1707,2022-03-11,10309,2022-03-01,Late
6709,1456,2024-03-21,3737,2024-03-13,Late
6710,1694,2024-06-18,10622,2024-06-09,On-Time
6711,2683,2024-08-31,22086,2024-08-21,Late
6712,1293,2022-03-23,8620,2022-03-22,On-Time
6713,2099,2020-11-16,7977,2020-11-06,Missed
6714,2465,2023-12-19,11089,2023-12-12,Missed
6715,2114,2022-12-18,6895,2022-12-21,Late
6716,2525,2021-02-17,12520,2021-02-20,Late
6717,2912,2024-01-08,15528,2023-12-30,Missed
6718,2785,2024-02-28,24290,2024-02-28,Missed
6719,2619,2022-10-31,2146,2022-11-03,On-Time
6720,1040,2023-05-21,7252,2023-05-13,On-Time
6721,1233,2023-10-17,24061,2023-10-13,Late
6722,1134,2024-05-24,18830,2024-05-24,On-Time
6723,1388,2020-05-21,17818,2020-05-12,On-Time
6724,2932,2021-06-04,21119,2021-05-30,Late
6725,1154,2022-07-25,17483,2022-07-19,Missed
6726,1018,2023-03-28,10340,2023-03-31,Missed
6727,1307,2023-10-23,6931,2023-10-19,On-Time
6728,2745,2024-05-22,19169,2024-05-19,On-Time
6729,1704,2024-12-17,10294,2024-12-12,On-Time
6730,2519,2022-10-13,18911,2022-10-06,On-Time
6731,1408,2020-08-06,24365,2020-08-05,Missed
6732,1034,2024-07-16,2251,2024-07-16,Missed
6733,2485,2021-04-13,3919,2021-04-10,On-Time
6734,2665,2024-03-24,14980,2024-03-23,On-Time
6735,1709,2023-01-31,19421,2023-01-27,Missed
6736,2486,2023-02-28,21079,2023-03-03,Late
6737,1284,2021-03-23,15463,2021-03-20,On-Time
6738,2358,2024-07-08,14784,2024-07-07,Missed
6739,1534,2021-02-04,3673,2021-01-27,Missed
6740,1059,2022-12-08,3132,2022-12-09,Missed
6741,1221,2020-07-05,4775,2020-07-06,Missed
6742,1632,2021-01-29,8030,2021-01-23,Missed
6743,2190,2021-12-06,16002,2021-12-06,On-Time
6744,1206,2021-04-23,2716,2021-04-23,Missed
6745,2399,2020-04-12,7040,2020-04-05,Late
6746,2963,2023-12-11,3132,2023-12-05,On-Time
6747,1292,2024-07-10,19509,2024-07-08,Missed
6748,2335,2020-02-01,6126,2020-02-02,Missed
6749,2131,2020-10-28,19993,2020-10-28,Late
6750,2527,2024-09-12,16934,2024-09-09,Late
6751,2585,2024-12-20,15411,2024-12-17,Late
6752,2323,2022-05-02,11309,2022-04-22,Missed
6753,2409,2023-08-10,13939,2023-08-05,On-Time
6754,2018,2024-01-20,20377,2024-01-20,Late
6755,2760,2024-10-07,16755,2024-10-06,Missed
6756,2115,2023-10-19,22327,2023-10-15,Missed
6757,1868,2022-06-15,20912,2022-06-05,Missed
6758,1080,2024-06-15,14737,2024-06-07,On-Time
6759,2270,2024-08-24,24486,2024-08-14,On-Time
6760,2797,2023-02-04,23286,2023-02-06,Late
6761,1594,2023-03-22,11755,2023-03-24,Late
6762,1070,2024-07-07,2813,2024-06-28,On-Time
6763,2001,2021-05-17,6751,2021-05-08,On-Time
6764,1957,2023-11-28,7835,2023-11-19,On-Time
6765,1956,2022-09-22,24705,2022-09-13,Late
6766,2118,2022-08-24,19478,2022-08-23,Late
6767,2288,2024-07-25,19192,2024-07-22,Late
6768,1329,2023-06-25,17209,2023-06-20,On-Time
6769,1943,2021-12-01,12434,2021-12-02,On-Time
6770,1647,2020-11-18,6036,2020-11-11,On-Time
6771,2381,2022-12-24,23124,2022-12-17,Late
6772,1844,2021-08-14,21989,2021-08-14,On-Time
6773,2892,2022-11-03,18042,2022-10-29,Late
6774,1504,2022-09-04,16985,2022-09-07,On-Time
6775,1382,2023-04-23,23699,2023-04-21,On-Time
6776,2856,2020-05-11,7907,2020-05-09,Late
6777,1687,2020-09-19,11165,2020-09-17,Missed
6778,2345,2021-05-03,3102,2021-04-30,On-Time
6779,1240,2022-08-21,3848,2022-08-19,On-Time
6780,2031,2024-01-11,20643,2024-01-10,Missed
6781,2851,2024-10-15,18916,2024-10-09,On-Time
6782,1124,2022-08-07,10087,2022-07-30,On-Time
6783,2482,2021-03-18,5305,2021-03-14,Late
6784,1951,2020-03-16,7115,2020-03-11,Late
6785,2229,2020-11-04,19724,2020-11-06,Missed
6786,2265,2021-01-05,17925,2021-01-05,Late
6787,1930,2021-01-23,5108,2021-01-25,Missed
6788,2376,2024-08-13,10266,2024-08-12,Missed
6789,1863,2021-06-11,22176,2021-06-03,On-Time
6790,1107,2022-06-06,24677,2022-06-04,On-Time
6791,1992,2023-11-16,18643,2023-11-12,On-Time
6792,2365,2020-06-04,22443,2020-06-07,Late
6793,1158,2023-12-16,6221,2023-12-09,Missed
6794,2949,2023-02-03,19720,2023-01-26,Missed
6795,1943,2023-11-20,9153,2023-11-21,Late
6796,2528,2023-08-12,2457,2023-08-12,On-Time
6797,2249,2020-06-06,15839,2020-05-31,Missed
6798,2466,2020-03-27,13387,2020-03-20,On-Time
6799,2874,2020-08-09,10807,2020-08-08,Missed
6800,1614,2021-04-03,7753,2021-03-26,On-Time
6801,1275,2022-10-28,8379,2022-10-26,Missed
6802,2054,2022-05-27,22672,2022-05-22,Late
6803,2368,2023-02-20,18711,2023-02-21,On-Time
6804,2728,2021-01-05,8732,2021-01-07,Late
6805,1795,2021-11-23,14878,2021-11-15,On-Time
6806,1396,2022-05-21,21708,2022-05-21,Missed
6807,2117,2021-07-05,5459,2021-07-07,Late
6808,2002,2023-10-16,10515,2023-10-10,Missed
6809,2963,2022-11-11,8731,2022-11-12,On-Time
6810,2814,2021-10-22,18470,2021-10-18,Missed
6811,2727,2021-06-09,24916,2021-06-04,Missed
6812,1859,2020-05-04,11777,2020-04-24,Late
6813,1747,2023-02-05,4903,2023-01-29,Missed
6814,2348,2024-01-16,7193,2024-01-10,Missed
6815,1726,2023-03-19,20666,2023-03-14,Missed
6816,1568,2023-10-07,7538,2023-09-29,Late
6817,1949,2020-01-24,14904,2020-01-19,On-Time
6818,1851,2023-06-04,22765,2023-05-25,Missed
6819,1762,2021-04-13,4099,2021-04-10,Late
6820,2876,2021-11-12,7538,2021-11-10,Late
6821,1155,2020-05-16,2879,2020-05-15,Missed
6822,2020,2024-11-04,8081,2024-10-31,Missed
6823,1702,2021-07-02,18420,2021-06-22,On-Time
6824,2738,2020-11-26,12617,2020-11-23,Missed
6825,1691,2022-10-13,13772,2022-10-10,Missed
6826,1308,2024-10-12,15634,2024-10-05,Late
6827,1812,2020-02-22,20975,2020-02-24,Late
6828,1389,2021-11-18,10540,2021-11-14,On-Time
6829,2797,2023-04-22,14441,2023-04-21,Late
6830,2385,2021-04-07,5635,2021-04-07,Late
6831,2759,2022-08-06,19938,2022-07-30,Late
6832,1388,2022-10-30,20669,2022-10-22,Late
6833,2163,2020-01-07,8947,2020-01-07,Late
6834,2927,2022-09-29,14237,2022-10-02,On-Time
6835,1707,2021-09-05,18889,2021-09-02,Missed
6836,2646,2022-07-16,22089,2022-07-16,Late
6837,1851,2024-11-24,19968,2024-11-24,Missed
6838,1774,2021-12-26,8471,2021-12-25,Missed
6839,2298,2021-08-31,22984,2021-09-01,Late
6840,1915,2024-09-14,23534,2024-09-14,On-Time
6841,2405,2023-03-16,4861,2023-03-11,Missed
6842,2795,2021-03-07,11808,2021-03-10,On-Time
6843,2657,2022-07-26,9046,2022-07-27,Late
6844,1177,2022-11-16,20143,2022-11-07,Late
6845,1718,2023-01-24,9303,2023-01-27,Missed
6846,2465,2021-08-28,14460,2021-08-22,Late
6847,1012,2020-09-13,4299,2020-09-04,Late
6848,2088,2024-05-26,20993,2024-05-24,On-Time
6849,1785,2022-06-11,19617,2022-06-01,On-Time
6850,1164,2024-11-24,2190,2024-11-18,Missed
6851,1538,2020-01-18,5342,2020-01-14,On-Time
6852,1826,2021-07-31,11641,2021-07-28,Missed
6853,2312,2020-04-25,20187,2020-04-22,On-Time
6854,2922,2020-07-04,18244,2020-07-04,Missed
6855,2864,2024-12-02,11407,2024-12-05,Late
6856,1105,2023-07-05,11343,2023-07-08,On-Time
6857,1157,2020-03-26,20026,2020-03-23,Late
6858,2613,2022-12-13,19914,2022-12-15,Missed
6859,1104,2020-01-10,18744,2020-01-05,On-Time
6860,1264,2022-09-04,3663,2022-09-01,On-Time
6861,1418,2021-03-12,6085,2021-03-10,Missed
6862,1187,2024-03-30,21213,2024-03-23,Missed
6863,2083,2020-05-30,14153,2020-05-29,Missed
6864,1705,2021-10-26,7172,2021-10-20,Late
6865,1918,2023-02-05,5401,2023-01-26,On-Time
6866,1857,2024-02-15,4784,2024-02-08,Late
6867,2976,2023-08-08,8968,2023-07-30,Late
6868,2299,2020-06-15,10397,2020-06-13,On-Time
6869,2345,2024-02-13,12570,2024-02-07,On-Time
6870,1637,2024-12-22,19096,2024-12-22,Missed
6871,1554,2022-02-26,2394,2022-02-18,Missed
6872,1640,2021-08-25,17470,2021-08-16,Missed
6873,1017,2020-06-09,3388,2020-06-02,Missed
6874,2303,2024-11-30,13113,2024-11-21,On-Time
6875,2733,2023-05-03,4685,2023-05-02,Missed
6876,2503,2023-04-09,2374,2023-04-01,Missed
6877,2597,2020-06-22,9516,2020-06-17,On-Time
6878,2920,2024-02-10,17260,2024-02-04,Late
6879,2267,2020-08-19,12957,2020-08-09,On-Time
6880,2570,2024-08-13,22599,2024-08-16,On-Time
6881,1188,2023-12-02,9541,2023-11-27,On-Time
6882,1722,2024-12-10,10198,2024-12-13,Late
6883,1817,2023-10-04,11420,2023-09-26,On-Time
6884,2108,2020-02-23,2957,2020-02-25,Missed
6885,1254,2023-02-12,18409,2023-02-04,On-Time
6886,2201,2021-11-18,15271,2021-11-15,Missed
6887,2117,2024-09-08,5598,2024-08-30,Late
6888,2701,2022-04-20,5903,2022-04-21,Missed
6889,2309,2020-11-26,22879,2020-11-20,Late
6890,1300,2020-07-10,11366,2020-06-30,Missed
6891,2063,2020-05-24,3233,2020-05-21,Missed
6892,1065,2022-02-06,4168,2022-01-31,On-Time
6893,1998,2021-12-13,10454,2021-12-07,Missed
6894,2772,2024-09-04,19705,2024-08-31,On-Time
6895,1299,2023-11-13,16022,2023-11-09,Missed
6896,2571,2020-05-19,4910,2020-05-10,Late
6897,2521,2020-08-29,18396,2020-08-21,Missed
6898,2998,2021-09-19,15230,2021-09-14,Late
6899,1591,2020-09-07,8983,2020-09-03,Late
6900,1414,2021-07-12,22244,2021-07-06,On-Time
6901,2662,2023-07-27,8461,2023-07-18,Missed
6902,1408,2021-07-11,18033,2021-07-02,Missed
6903,1299,2020-08-09,13039,2020-08-01,Late
6904,1247,2020-08-28,3339,2020-08-18,On-Time
6905,1800,2022-11-08,10724,2022-11-09,Late
6906,1314,2021-07-16,5266,2021-07-12,On-Time
6907,2266,2024-09-19,12656,2024-09-20,On-Time
6908,2200,2023-06-12,12513,2023-06-12,On-Time
6909,2032,2024-07-28,21587,2024-07-31,Late
6910,2817,2021-12-22,12276,2021-12-13,Late
6911,1038,2021-06-01,9753,2021-05-22,Late
6912,2084,2023-07-26,14161,2023-07-22,Late
6913,1195,2020-12-08,10463,2020-11-28,Late
6914,1478,2023-05-23,3256,2023-05-20,On-Time
6915,2409,2024-04-22,8964,2024-04-15,Late
6916,1569,2023-07-07,17989,2023-07-02,Missed
6917,2062,2024-03-25,21810,2024-03-23,Missed
6918,2520,2024-08-26,9111,2024-08-23,Late
6919,2389,2020-02-09,22638,2020-02-01,Missed
6920,1927,2023-03-31,5179,2023-04-02,Missed
6921,2547,2024-12-23,13664,2024-12-19,On-Time
6922,1404,2023-06-25,19878,2023-06-28,On-Time
6923,1851,2023-11-17,22323,2023-11-20,Late
6924,1392,2022-04-12,3132,2022-04-04,Missed
6925,2911,2021-03-16,4496,2021-03-14,On-Time
6926,2227,2023-03-02,15317,2023-03-05,Late
6927,2098,2024-08-14,21323,2024-08-09,Late
6928,1137,2022-12-09,6932,2022-12-07,Late
6929,1843,2024-04-09,4236,2024-03-30,Late
6930,1055,2022-01-21,19220,2022-01-23,On-Time
6931,1522,2022-08-03,13914,2022-07-31,Missed
6932,2576,2020-06-06,16629,2020-05-31,Missed
6933,1831,2023-05-19,15092,2023-05-13,On-Time
6934,1082,2023-08-23,18495,2023-08-20,On-Time
6935,2497,2020-02-28,15518,2020-03-01,Late
6936,2599,2024-05-23,23434,2024-05-26,Missed
6937,1547,2021-03-25,4671,2021-03-19,Missed
6938,1802,2022-04-12,9357,2022-04-08,Late
6939,1091,2024-04-24,3971,2024-04-19,On-Time
6940,1876,2023-11-28,7425,2023-11-26,Missed
6941,2269,2024-06-29,12013,2024-06-21,Missed
6942,2837,2020-04-22,10339,2020-04-16,On-Time
6943,2953,2021-02-26,9205,2021-02-17,Late
6944,2655,2020-11-10,18398,2020-11-09,Missed
6945,2030,2022-07-13,20164,2022-07-04,Missed
6946,1499,2021-08-21,17705,2021-08-13,On-Time
6947,2824,2024-05-03,8610,2024-04-23,Late
6948,1237,2023-05-20,24278,2023-05-23,Missed
6949,1013,2021-08-07,22670,2021-07-30,Missed
6950,2151,2021-07-15,3658,2021-07-08,Late
6951,2023,2020-11-28,17570,2020-11-23,Late
6952,1130,2024-03-17,14194,2024-03-10,Late
6953,1424,2021-08-01,13702,2021-07-22,On-Time
6954,1807,2022-05-01,12044,2022-04-26,On-Time
6955,2064,2022-06-16,13575,2022-06-12,Missed
6956,2863,2024-06-23,5492,2024-06-23,Missed
6957,1587,2023-04-22,5533,2023-04-17,Missed
6958,1097,2020-06-08,3195,2020-06-01,Missed
6959,1201,2021-03-23,7682,2021-03-22,Missed
6960,1940,2021-05-31,22949,2021-05-31,On-Time
6961,1834,2023-09-24,22649,2023-09-27,On-Time
6962,1902,2021-03-10,20162,2021-03-08,Missed
6963,1090,2021-03-16,18023,2021-03-13,Late
6964,1339,2020-07-27,8553,2020-07-22,On-Time
6965,1544,2021-01-21,20789,2021-01-13,On-Time
6966,1761,2022-10-01,4648,2022-09-21,On-Time
6967,2531,2021-06-25,20171,2021-06-27,On-Time
6968,1332,2021-07-26,19994,2021-07-17,Missed
6969,1726,2023-05-02,12753,2023-04-27,Missed
6970,1056,2021-01-15,21205,2021-01-13,Missed
6971,2618,2021-10-18,15618,2021-10-12,Missed
6972,2546,2022-12-30,3120,2022-12-29,Missed
6973,1230,2023-07-14,21356,2023-07-10,Missed
6974,1061,2020-05-19,12023,2020-05-16,On-Time
6975,1596,2022-09-23,15725,2022-09-22,On-Time
6976,1444,2021-04-05,13279,2021-03-26,On-Time
6977,2844,2021-01-20,17023,2021-01-14,On-Time
6978,2035,2024-09-09,16705,2024-09-12,Late
6979,2244,2021-10-05,21053,2021-10-05,On-Time
6980,2035,2020-11-15,6573,2020-11-05,Missed
6981,1777,2021-12-22,10537,2021-12-17,On-Time
6982,1683,2023-06-17,4388,2023-06-11,On-Time
6983,1979,2023-12-25,12431,2023-12-26,Late
6984,2117,2020-10-31,24941,2020-10-28,On-Time
6985,2891,2024-04-16,11686,2024-04-18,Late
6986,1270,2020-04-13,5647,2020-04-06,Late
6987,1880,2020-10-04,8388,2020-09-29,Missed
6988,2334,2023-10-16,19342,2023-10-14,Missed
6989,2488,2024-03-22,16793,2024-03-14,Late
6990,1581,2022-10-10,15595,2022-10-05,On-Time
6991,1588,2024-12-28,24560,2024-12-30,Missed
6992,1675,2024-10-21,5541,2024-10-22,Late
6993,1560,2023-12-21,3672,2023-12-21,Missed
6994,1475,2022-07-04,4458,2022-07-01,On-Time
6995,2033,2021-11-01,6016,2021-10-25,On-Time
6996,2592,2023-09-20,20625,2023-09-22,On-Time
6997,1813,2021-05-09,13159,2021-05-01,On-Time
6998,2455,2024-01-27,22385,2024-01-27,Late
6999,1099,2022-01-04,3266,2021-12-30,On-Time
7000,2075,2021-09-14,14835,2021-09-16,Missed
